Id,Area,Bedrooms,Bathrooms,Floors,YearBuilt,Location,Condition,Garage,Price
1,1512,1,3,1,1994,Suburban,Poor,Yes,481142
2,860,1,1,1,1994,Rural,Fair,No,220193
3,4279,5,3,1,1990,Downtown,Good,No,1192634
4,2363,3,1,1,2004,Rural,Good,No,575906
5,955,6,4,3,1987,Downtown,Poor,No,724075
6,2175,6,1,1,2022,Suburban,Good,Yes,771087
7,1427,4,3,2,2020,Urban,Fair,No,676281
8,2316,6,3,3,2023,Rural,Fair,Yes,763637
9,4386,4,3,3,2024,Suburban,Good,Yes,1173591
10,862,3,4,2,1984,Suburban,Good,Yes,630025
11,3841,6,4,1,1996,Suburban,Fair,No,992100
12,3871,3,2,1,2012,Downtown,Poor,Yes,988866
13,1852,6,2,3,2007,Rural,Excellent,No,772088
14,4934,3,5,1,2023,Rural,Good,No,1091451
15,3004,4,2,2,1980,Urban,Fair,Yes,864497
16,4758,5,2,1,2003,Suburban,Poor,No,986352
17,759,1,3,2,1995,Rural,Fair,Yes,339081
18,4581,1,5,1,1988,Downtown,Fair,No,1182808
19,4066,2,5,3,2024,Suburban,Good,No,1116114
20,4188,5,4,1,1995,Suburban,Poor,No,902817
21,2485,5,2,1,1984,Rural,Fair,Yes,604042
22,3306,1,5,1,1997,Downtown,Fair,Yes,1051523
23,2590,4,4,1,1986,Rural,Excellent,No,808069
24,3967,4,1,3,2021,Rural,Poor,No,793688
25,1495,2,2,1,2014,Downtown,Fair,No,641425
26,2881,4,2,1,2008,Rural,Poor,Yes,613369
27,2536,2,4,2,2010,Suburban,Excellent,Yes,905099
28,3704,1,4,2,2009,Urban,Excellent,No,1066969
29,2155,3,2,1,2017,Rural,Good,Yes,618247
30,4505,5,5,1,1983,Rural,Fair,Yes,1005532
31,2526,4,1,3,1995,Rural,Poor,No,577592
32,3191,3,2,3,2000,Suburban,Good,No,848649
33,3057,4,3,1,1980,Downtown,Poor,Yes,906003
34,4744,3,2,2,1984,Suburban,Good,No,1028156
35,4189,5,3,3,2021,Rural,Good,Yes,1074006
36,2766,1,1,3,2015,Suburban,Good,No,730477
37,3408,2,3,3,2011,Urban,Poor,Yes,931678
38,2866,1,1,2,1988,Urban,Fair,No,711027
39,679,1,1,3,1989,Rural,Good,Yes,395388
40,1644,1,3,2,1982,Urban,Fair,Yes,604053
41,3497,5,4,3,1989,Suburban,Fair,Yes,1016705
42,803,2,3,2,2022,Suburban,Good,Yes,555803
43,3733,1,4,1,1992,Downtown,Good,No,1060316
44,2426,1,2,2,2001,Urban,Poor,No,627795
45,4773,4,5,2,1981,Rural,Good,Yes,1142880
46,913,1,5,2,2002,Urban,Excellent,Yes,769073
47,2157,3,1,3,2007,Rural,Fair,No,561496
48,1173,6,3,3,2000,Rural,Good,No,622413
49,3272,4,3,3,1988,Suburban,Excellent,No,981650
50,3065,4,5,1,1999,Urban,Fair,No,924262
51,4409,4,4,3,1993,Downtown,Fair,Yes,1281901
52,4822,6,5,2,1985,Suburban,Good,Yes,1276090
53,1807,1,1,1,2010,Rural,Excellent,No,513300
54,3745,4,4,1,1989,Rural,Poor,No,752308
55,2040,6,5,2,1983,Suburban,Poor,No,681677
56,4406,6,5,3,2018,Urban,Excellent,No,1407716
57,1903,6,4,2,1996,Suburban,Good,No,786293
58,2849,4,1,3,1998,Suburban,Good,No,811409
59,1260,2,2,1,2004,Suburban,Fair,Yes,505677
60,3939,3,5,2,2006,Rural,Fair,No,923204
61,760,5,4,2,1980,Urban,Good,No,669921
62,2406,4,2,2,2007,Downtown,Poor,No,805127
63,3912,6,2,2,1988,Rural,Excellent,Yes,1017643
64,4111,2,4,1,1983,Urban,Excellent,No,1097237
65,4324,3,3,2,1997,Downtown,Good,Yes,1278824
66,758,6,5,1,2002,Suburban,Poor,Yes,525177
67,2625,2,1,3,1989,Suburban,Fair,No,621218
68,2385,4,3,2,1990,Rural,Fair,No,596793
69,810,3,5,3,2004,Downtown,Fair,Yes,777880
70,1434,6,3,3,2018,Rural,Poor,No,568157
71,4109,6,3,1,2012,Urban,Poor,No,1033256
72,1464,4,3,3,2009,Suburban,Excellent,Yes,840266
73,2812,5,5,2,2009,Downtown,Good,No,1114517
74,1309,3,4,1,2009,Downtown,Good,Yes,864194
75,3262,2,4,1,2002,Urban,Good,No,935401
76,683,5,2,1,1995,Downtown,Excellent,Yes,804237
77,4620,4,1,1,1998,Suburban,Excellent,Yes,1126435
78,3623,4,5,3,2002,Downtown,Good,No,1256008
79,2819,3,3,1,1987,Suburban,Good,Yes,811222
80,2169,2,4,2,2017,Urban,Poor,Yes,747534
81,2463,3,2,2,1980,Suburban,Good,Yes,729081
82,2993,6,2,3,2011,Rural,Poor,No,742509
83,4521,4,3,1,1983,Urban,Excellent,Yes,1202509
84,3882,4,1,3,2020,Rural,Fair,Yes,885514
85,1297,2,1,3,2006,Suburban,Excellent,No,632093
86,3035,5,4,2,2016,Rural,Poor,Yes,785734
87,2767,6,1,1,1995,Suburban,Poor,Yes,664365
88,3946,4,5,2,1998,Rural,Fair,No,925626
89,4319,1,2,2,2020,Suburban,Excellent,Yes,1088521
90,1820,3,2,1,1983,Suburban,Good,No,609860
91,1618,4,3,3,2005,Urban,Excellent,No,819953
92,926,4,3,3,1996,Rural,Poor,Yes,400989
93,2807,5,1,1,2010,Downtown,Good,Yes,1019947
94,4628,1,4,2,2006,Urban,Good,Yes,1178139
95,3301,4,4,2,2022,Downtown,Poor,No,990387
96,3176,3,3,1,2005,Rural,Excellent,No,807424
97,2136,5,3,3,2011,Downtown,Poor,Yes,901723
98,1673,3,4,3,2011,Rural,Poor,Yes,555343
99,3145,5,1,3,2006,Rural,Fair,Yes,807507
100,1562,6,2,2,1998,Urban,Excellent,No,839784
101,2596,4,5,1,2004,Suburban,Fair,Yes,836228
102,3999,3,5,2,1980,Urban,Good,No,1089131
103,4258,5,4,2,2001,Downtown,Excellent,No,1342137
104,2556,5,4,1,2006,Rural,Good,No,776588
105,3762,6,2,2,1982,Suburban,Good,Yes,1045401
106,1416,5,4,1,1989,Downtown,Fair,Yes,832457
107,2771,3,5,3,2005,Rural,Good,No,843100
108,4597,5,1,3,1984,Suburban,Good,Yes,1093011
109,4155,1,1,2,1990,Urban,Poor,Yes,876791
110,1059,3,3,2,2007,Suburban,Fair,No,489355
111,1992,2,1,3,2004,Suburban,Excellent,Yes,752873
112,4377,6,3,2,1996,Rural,Excellent,No,1089371
113,1205,4,3,3,1999,Downtown,Good,No,811924
114,2231,4,4,1,1995,Downtown,Good,No,929991
115,779,6,4,2,1980,Rural,Excellent,No,592917
116,3486,2,2,3,1996,Suburban,Poor,Yes,804962
117,4211,1,5,2,1988,Rural,Good,No,964455
118,2038,2,2,3,2003,Urban,Fair,No,706066
119,3017,6,3,1,2009,Rural,Fair,Yes,819154
120,3596,1,4,1,1996,Rural,Excellent,No,869782
121,3721,6,3,1,2023,Suburban,Excellent,Yes,1148937
122,2413,6,1,3,2009,Urban,Excellent,Yes,977805
123,971,1,3,2,1987,Rural,Fair,Yes,399935
124,4316,3,5,2,2017,Suburban,Excellent,Yes,1274159
125,3943,3,1,3,2003,Suburban,Excellent,No,1010082
126,3571,1,3,3,2021,Urban,Poor,No,872955
127,2154,1,4,1,2022,Suburban,Poor,Yes,631243
128,2595,2,5,1,1984,Suburban,Fair,Yes,768939
129,1808,5,1,2,1989,Suburban,Good,Yes,667168
130,811,2,1,2,1995,Urban,Poor,Yes,415177
131,1029,2,4,3,1987,Rural,Excellent,No,584858
132,4804,5,1,2,2012,Suburban,Poor,No,994816
133,855,1,4,2,2007,Rural,Excellent,No,490807
134,1261,3,5,1,1984,Suburban,Good,No,627370
135,4946,3,4,3,2018,Downtown,Poor,Yes,1295753
136,4123,4,2,2,2001,Downtown,Excellent,No,1215298
137,3160,4,3,3,1996,Urban,Fair,No,890999
138,1347,1,1,2,1986,Urban,Fair,Yes,525522
139,1601,4,3,3,2007,Rural,Good,No,635435
140,1448,5,5,1,1989,Downtown,Fair,Yes,856450
141,3611,1,3,3,1994,Downtown,Poor,No,913989
142,2077,3,3,2,2002,Rural,Fair,Yes,629896
143,1170,2,1,1,2013,Suburban,Excellent,No,563510
144,3392,2,3,2,2000,Rural,Poor,Yes,701272
145,1007,6,1,2,2008,Downtown,Excellent,No,828702
146,2837,2,5,1,2002,Downtown,Poor,No,906348
147,4916,6,3,1,1994,Downtown,Poor,Yes,1241214
148,3069,2,2,2,1998,Urban,Poor,Yes,811598
149,4127,2,2,2,2014,Suburban,Good,Yes,1031059
150,946,4,1,2,1984,Urban,Excellent,No,641517
151,2971,1,4,1,2000,Suburban,Excellent,No,841146
152,4177,1,2,2,2017,Downtown,Poor,No,995533
153,3381,2,3,1,1984,Rural,Fair,No,685864
154,1809,2,1,1,1996,Suburban,Fair,Yes,496181
155,2051,6,4,2,2016,Downtown,Good,No,990181
156,4202,1,4,2,2020,Urban,Good,Yes,1158219
157,4756,1,3,2,2008,Rural,Poor,No,850647
158,1228,6,1,3,2018,Downtown,Excellent,Yes,957407
159,2142,3,5,2,2012,Suburban,Poor,No,652356
160,3413,6,1,3,2021,Suburban,Poor,Yes,906262
161,4199,5,5,3,1990,Urban,Good,No,1241434
162,3948,3,5,1,2020,Urban,Poor,No,962647
163,3766,3,3,3,2022,Suburban,Good,Yes,1044807
164,3465,3,4,1,2018,Rural,Good,No,865879
165,1646,6,5,1,2021,Downtown,Good,Yes,1020196
166,3130,2,2,2,2011,Suburban,Fair,Yes,781158
167,1232,3,1,3,2014,Rural,Good,Yes,548617
168,1863,2,2,3,2019,Suburban,Excellent,Yes,810587
169,3584,6,2,2,2019,Urban,Excellent,Yes,1216273
170,2559,3,4,1,2003,Downtown,Excellent,No,1043507
171,4719,5,4,1,1992,Suburban,Good,Yes,1216446
172,3640,5,1,3,2013,Rural,Good,Yes,918212
173,2834,4,5,1,2007,Rural,Fair,No,753950
174,818,4,1,2,2012,Urban,Fair,No,472506
175,3671,2,1,2,1986,Urban,Fair,Yes,849315
176,2950,4,2,3,2010,Downtown,Poor,Yes,926040
177,2696,2,2,3,2018,Downtown,Poor,No,827467
178,3067,1,1,1,2006,Downtown,Poor,Yes,831228
179,4991,1,5,3,1995,Suburban,Good,No,1141700
180,3490,2,5,2,1991,Rural,Good,Yes,953001
181,4756,5,5,1,2004,Downtown,Poor,No,1247149
182,2677,6,1,2,1984,Urban,Fair,Yes,841348
183,1692,1,3,3,2001,Suburban,Excellent,No,694231
184,1704,1,4,1,1998,Suburban,Poor,Yes,498972
185,3185,3,5,2,2014,Downtown,Good,Yes,1167473
186,2943,3,1,3,2001,Urban,Poor,No,759007
187,3876,6,4,2,2001,Suburban,Excellent,No,1165168
188,4853,3,1,3,2007,Rural,Excellent,Yes,1124389
189,3231,1,1,2,2022,Urban,Good,No,874546
190,1965,6,4,2,2008,Rural,Good,No,734311
191,1069,1,4,2,2012,Suburban,Poor,Yes,505637
192,885,2,1,1,2021,Urban,Good,No,476569
193,1856,6,4,2,2003,Downtown,Poor,Yes,915917
194,3606,4,3,3,1997,Suburban,Poor,Yes,892455
195,4688,5,4,3,1987,Urban,Good,No,1251084
196,2939,6,4,1,1987,Suburban,Poor,No,756985
197,4246,1,3,3,2002,Rural,Good,No,912514
198,2026,3,5,1,1987,Suburban,Fair,Yes,736722
199,815,3,5,3,2003,Downtown,Fair,Yes,754192
200,3133,4,4,3,2006,Downtown,Poor,Yes,1056838
201,1207,4,4,3,2013,Urban,Fair,Yes,721327
202,4144,5,1,1,2013,Suburban,Good,Yes,1011509
203,3243,6,2,2,2013,Urban,Poor,No,865364
204,2848,2,3,3,2014,Rural,Fair,Yes,730999
205,3365,5,1,1,1985,Rural,Good,Yes,818327
206,848,4,5,2,2021,Urban,Excellent,Yes,860187
207,3036,4,1,3,1983,Suburban,Excellent,No,912091
208,4404,2,3,3,1989,Urban,Good,No,1126440
209,1671,3,5,3,1986,Urban,Fair,No,715354
210,2791,4,2,1,1986,Rural,Good,No,696500
211,2633,2,3,3,2000,Suburban,Fair,No,758051
212,4424,4,3,2,1981,Rural,Excellent,No,1039032
213,2362,5,3,1,1983,Urban,Excellent,No,893343
214,4996,1,1,2,1988,Urban,Good,No,1081784
215,970,4,1,3,2015,Suburban,Good,No,527087
216,3764,5,4,3,1997,Rural,Fair,Yes,982609
217,3657,3,5,2,1989,Suburban,Excellent,Yes,1086803
218,918,2,3,2,2013,Downtown,Fair,Yes,690497
219,3209,2,4,3,1999,Urban,Excellent,No,1080150
220,736,3,3,3,1987,Downtown,Good,Yes,777125
221,2775,6,5,3,1994,Rural,Excellent,Yes,1052687
222,3714,2,2,1,2016,Rural,Fair,Yes,799337
223,3169,4,2,2,2024,Suburban,Excellent,No,930268
224,1731,5,2,3,2000,Downtown,Excellent,No,932494
225,4365,5,3,3,2002,Urban,Excellent,Yes,1311436
226,2885,5,3,1,1999,Urban,Fair,No,852480
227,4530,3,5,3,1997,Urban,Poor,No,1118762
228,3427,2,3,1,1998,Rural,Good,No,766927
229,4524,2,2,3,1997,Urban,Fair,Yes,1077543
230,2586,1,5,1,2020,Suburban,Poor,Yes,736942
231,3305,6,4,1,2023,Suburban,Poor,Yes,933959
232,4496,4,2,2,2000,Urban,Poor,Yes,1036157
233,4983,6,1,1,2006,Suburban,Poor,No,1013465
234,2126,6,3,1,1980,Urban,Poor,No,680368
235,4322,6,5,3,2011,Suburban,Excellent,No,1283962
236,1522,3,2,3,2009,Urban,Fair,Yes,694475
237,3016,5,2,1,2019,Downtown,Excellent,No,1070288
238,3883,6,1,1,1988,Downtown,Good,Yes,1118330
239,2736,4,2,2,1997,Urban,Good,Yes,911202
240,3545,6,2,1,2022,Rural,Excellent,No,935159
241,3921,6,5,3,1999,Rural,Good,No,1065092
242,2395,2,4,1,2009,Urban,Excellent,No,880502
243,2627,6,5,1,2013,Downtown,Good,Yes,1120022
244,1105,5,5,1,2016,Suburban,Fair,No,641427
245,4219,1,2,3,2017,Downtown,Poor,No,998247
246,4314,2,5,2,2009,Rural,Excellent,No,1047983
247,3843,3,1,3,1993,Rural,Poor,No,717793
248,1122,5,1,1,2010,Rural,Good,No,442080
249,1709,6,4,2,2004,Downtown,Excellent,No,986923
250,1689,6,3,1,1991,Downtown,Fair,Yes,803360
251,786,3,4,3,2014,Downtown,Excellent,Yes,892011
252,4373,3,2,2,1992,Rural,Poor,No,755335
253,2571,2,1,1,2018,Rural,Excellent,Yes,715272
254,962,4,4,1,2014,Suburban,Poor,Yes,546136
255,2969,2,5,2,2016,Urban,Fair,No,887282
256,4870,2,4,2,1997,Rural,Fair,No,1001312
257,984,3,4,3,2000,Downtown,Excellent,Yes,910786
258,3683,2,5,2,1995,Suburban,Good,Yes,1057524
259,1072,5,4,2,2015,Suburban,Excellent,Yes,785662
260,2265,3,1,2,2003,Rural,Fair,Yes,571012
261,3689,6,5,3,1982,Rural,Fair,Yes,1024940
262,2311,3,3,1,1993,Suburban,Poor,No,572292
263,2275,4,2,3,2000,Urban,Excellent,No,933621
264,3543,3,3,2,2012,Downtown,Excellent,Yes,1253472
265,3223,2,3,2,2006,Rural,Fair,Yes,725460
266,2736,5,5,3,2006,Urban,Fair,Yes,1020956
267,2484,4,5,1,2011,Urban,Good,No,946483
268,4375,2,3,1,1988,Downtown,Fair,Yes,1157449
269,877,1,1,1,2006,Suburban,Fair,Yes,357960
270,674,2,5,2,2003,Rural,Excellent,No,512191
271,654,5,5,2,1980,Rural,Good,No,486876
272,4714,6,4,1,1986,Rural,Fair,Yes,1045686
273,4912,3,3,2,2005,Rural,Good,No,1072201
274,2592,6,2,2,2023,Rural,Poor,Yes,710360
275,3706,4,5,2,1983,Rural,Fair,Yes,951287
276,4154,6,3,3,1986,Rural,Fair,Yes,1026654
277,2820,1,1,3,1997,Rural,Fair,No,541152
278,2297,5,2,3,2005,Rural,Good,Yes,759384
279,3787,6,5,2,2004,Suburban,Poor,No,949753
280,1400,4,2,1,2001,Downtown,Good,Yes,793825
281,4290,4,2,2,2015,Downtown,Excellent,Yes,1343666
282,1302,5,3,1,1984,Rural,Good,Yes,583197
283,1863,6,4,2,2003,Rural,Poor,Yes,637940
284,4243,3,3,1,1988,Rural,Fair,No,853465
285,4797,4,1,1,1985,Urban,Poor,No,966858
286,701,3,4,2,1985,Suburban,Fair,No,444661
287,1737,3,3,2,2011,Suburban,Poor,Yes,615838
288,2860,4,3,2,1984,Urban,Good,Yes,979285
289,2201,4,1,1,1999,Rural,Excellent,No,656537
290,3299,4,3,2,2021,Suburban,Good,No,928681
291,4524,3,2,2,2000,Urban,Excellent,Yes,1227494
292,3680,3,4,2,1987,Suburban,Fair,Yes,967305
293,2317,4,3,3,1984,Downtown,Excellent,Yes,1075257
294,2582,3,2,3,2007,Downtown,Poor,No,854404
295,3883,5,5,3,2006,Rural,Good,Yes,1078370
296,2633,6,3,1,2021,Rural,Excellent,No,872205
297,1467,1,1,2,1994,Suburban,Excellent,No,580581
298,4393,6,5,3,2012,Suburban,Good,Yes,1313462
299,1456,3,4,1,1987,Suburban,Good,No,619286
300,4330,2,5,2,2002,Downtown,Poor,No,1148353
301,3212,1,3,1,1987,Rural,Good,Yes,735482
302,2598,5,2,3,1990,Urban,Excellent,No,953899
303,3918,6,2,1,2020,Downtown,Excellent,Yes,1291773
304,4282,5,4,2,1980,Suburban,Fair,No,993890
305,1433,5,2,2,2000,Suburban,Excellent,Yes,750972
306,4609,5,3,3,2004,Downtown,Poor,No,1213040
307,4350,5,2,3,1999,Rural,Fair,No,913798
308,2554,3,1,1,2003,Suburban,Excellent,No,735800
309,3743,4,2,2,2020,Suburban,Fair,No,898393
310,1749,2,3,2,2019,Rural,Good,Yes,658723
311,1718,2,4,3,2012,Downtown,Excellent,No,971787
312,4236,4,2,1,2016,Rural,Fair,No,821505
313,2851,2,5,2,1990,Downtown,Excellent,Yes,1125164
314,2794,5,3,3,1982,Downtown,Fair,No,950753
315,2627,3,1,2,1996,Urban,Poor,No,635301
316,2541,2,5,3,2002,Downtown,Fair,Yes,996727
317,2295,1,5,2,2014,Urban,Fair,No,781731
318,2970,5,3,3,2023,Rural,Fair,No,769820
319,2871,6,2,3,1988,Suburban,Fair,No,808142
320,3817,4,2,3,2020,Urban,Excellent,No,1170508
321,1218,6,1,2,2012,Urban,Good,No,703778
322,3281,5,1,3,1985,Downtown,Good,Yes,1113674
323,2384,4,2,2,1997,Urban,Good,No,792997
324,4575,3,1,1,1986,Downtown,Poor,Yes,1031082
325,4215,4,1,2,1992,Suburban,Good,Yes,1016291
326,1364,6,3,2,1985,Urban,Fair,Yes,730529
327,3102,6,2,2,2021,Rural,Poor,Yes,756763
328,4506,1,2,3,1994,Downtown,Poor,Yes,1100002
329,1587,4,2,2,1984,Suburban,Excellent,Yes,708140
330,1445,3,3,2,1988,Downtown,Fair,Yes,727891
331,4945,5,1,3,2021,Suburban,Excellent,No,1223950
332,1840,4,5,3,2008,Suburban,Poor,Yes,713551
333,1608,5,4,2,2007,Urban,Fair,Yes,786662
334,1290,2,5,3,2018,Urban,Poor,No,624378
335,4841,5,5,1,2005,Urban,Poor,Yes,1226610
336,3761,1,2,2,2020,Rural,Poor,No,689625
337,1681,4,5,2,2003,Suburban,Excellent,Yes,838332
338,1153,1,3,1,1982,Rural,Excellent,No,495058
339,4003,4,4,1,2020,Suburban,Good,Yes,1098855
340,1247,5,2,1,2014,Urban,Excellent,Yes,787069
341,4183,6,2,1,1995,Rural,Excellent,Yes,1083759
342,1050,3,2,1,1980,Suburban,Poor,Yes,422115
343,3440,5,5,3,1996,Suburban,Good,Yes,1103027
344,1567,1,3,2,1997,Rural,Good,Yes,582446
345,4328,5,3,1,2011,Suburban,Good,Yes,1117998
346,1442,5,1,1,2012,Rural,Poor,Yes,419343
347,976,4,3,2,1989,Suburban,Poor,No,426547
348,3236,2,4,3,2000,Urban,Poor,No,838670
349,4712,6,1,1,1994,Rural,Excellent,Yes,1125800
350,2912,3,3,1,2015,Downtown,Poor,No,850342
351,2988,5,3,3,2019,Suburban,Excellent,No,1044525
352,2200,6,5,1,1989,Rural,Excellent,Yes,865139
353,3437,6,1,2,1980,Downtown,Good,Yes,1100060
354,4940,2,4,2,1983,Suburban,Good,Yes,1135454
355,2496,5,4,3,2003,Downtown,Poor,Yes,1010567
356,1693,6,4,1,2017,Rural,Excellent,Yes,790719
357,2989,3,3,2,2024,Urban,Good,No,941650
358,2513,1,2,1,2017,Rural,Fair,Yes,565129
359,4282,4,3,2,1987,Urban,Fair,No,1044500
360,4395,3,1,1,1990,Urban,Poor,Yes,932039
361,1815,1,2,2,2005,Rural,Good,No,500764
362,854,4,4,3,2015,Suburban,Poor,No,488987
363,1745,1,1,1,1994,Suburban,Fair,No,448415
364,1288,5,5,2,1984,Rural,Poor,Yes,559481
365,1655,1,3,1,1982,Downtown,Poor,Yes,658949
366,3835,4,1,2,2023,Downtown,Fair,No,1040618
367,2133,3,3,2,1989,Rural,Fair,No,585275
368,3975,5,4,1,1985,Urban,Excellent,Yes,1232124
369,2233,6,5,1,2020,Rural,Excellent,No,889458
370,4570,3,5,3,2000,Downtown,Good,Yes,1359866
371,3212,5,2,1,1997,Rural,Excellent,No,841448
372,1907,1,2,3,1995,Urban,Poor,Yes,630226
373,3506,2,2,1,2017,Urban,Good,Yes,978665
374,1764,5,2,2,2014,Urban,Fair,No,666355
375,1339,1,2,3,1994,Rural,Excellent,Yes,589236
376,2250,2,3,3,1991,Urban,Poor,Yes,703610
377,1760,1,5,2,1984,Urban,Excellent,Yes,863913
378,3072,3,2,1,2007,Downtown,Good,Yes,1029409
379,2428,6,5,1,2004,Urban,Good,Yes,988952
380,614,6,5,2,2016,Rural,Fair,No,505983
381,1452,4,2,2,1984,Suburban,Good,No,577145
382,1326,6,3,2,1980,Urban,Fair,Yes,675955
383,3471,3,1,3,1980,Rural,Excellent,No,858099
384,1962,4,4,2,2002,Downtown,Poor,No,790257
385,1932,4,1,1,1998,Rural,Good,No,510266
386,1207,3,2,2,1990,Rural,Poor,No,355088
387,853,4,2,3,2007,Suburban,Poor,Yes,489282
388,2283,2,4,3,2015,Urban,Good,No,863970
389,1385,1,4,3,2015,Downtown,Fair,Yes,804919
390,631,4,1,2,2022,Downtown,Fair,Yes,600068
391,2295,2,3,1,2010,Rural,Good,No,645302
392,4606,6,3,1,2021,Downtown,Fair,No,1261866
393,3626,2,4,1,1996,Downtown,Excellent,No,1144424
394,2800,5,1,1,2024,Rural,Poor,No,602862
395,2463,5,1,2,2013,Downtown,Excellent,Yes,1078959
396,3048,1,4,3,1982,Suburban,Poor,No,701819
397,1969,2,2,1,1982,Downtown,Poor,No,614170
398,1811,5,3,2,1984,Rural,Excellent,No,699941
399,2862,5,4,1,2024,Downtown,Poor,No,932203
400,1814,5,5,3,1986,Rural,Poor,No,605101
401,3966,3,4,3,2011,Downtown,Poor,Yes,1153169
402,3901,2,5,3,2023,Downtown,Poor,No,1125494
403,2546,1,4,2,2003,Rural,Good,No,692326
404,2896,4,1,1,1988,Urban,Excellent,No,879633
405,4014,5,1,1,2008,Suburban,Excellent,No,1053128
406,3663,1,5,1,1984,Urban,Excellent,Yes,1134454
407,837,2,2,1,1983,Suburban,Poor,No,261391
408,3552,6,2,2,2003,Downtown,Excellent,Yes,1226445
409,2581,3,4,3,2008,Suburban,Excellent,No,937766
410,1939,3,1,2,1981,Downtown,Poor,Yes,680246
411,2413,6,2,3,1993,Urban,Excellent,Yes,976451
412,4483,2,2,3,1980,Suburban,Good,No,1005929
413,4071,4,3,2,1996,Suburban,Excellent,No,1122536
414,3853,5,1,1,2012,Urban,Good,No,981054
415,4546,1,3,2,2020,Urban,Good,No,1116133
416,2143,2,5,1,1983,Downtown,Good,Yes,902471
417,4674,3,3,2,2005,Downtown,Poor,Yes,1192509
418,2421,6,5,3,2010,Urban,Good,Yes,1055586
419,3006,1,4,1,1996,Suburban,Good,Yes,839001
420,3510,2,3,2,2001,Urban,Good,No,989736
421,1564,4,1,3,2017,Rural,Excellent,Yes,711578
422,1581,6,4,3,1999,Downtown,Poor,Yes,849849
423,2240,3,4,3,2009,Suburban,Good,Yes,834992
424,4594,3,2,2,2020,Rural,Poor,No,854781
425,2315,2,5,1,2011,Rural,Fair,No,643958
426,3904,4,4,2,1980,Rural,Fair,No,827725
427,3239,5,2,1,2023,Rural,Fair,Yes,801189
428,3156,2,1,2,2012,Urban,Fair,Yes,806812
429,3042,3,4,3,2013,Urban,Excellent,Yes,1130412
430,4615,3,2,1,2005,Rural,Fair,Yes,901172
431,2330,6,1,3,2012,Suburban,Poor,No,635947
432,3673,6,3,3,2019,Rural,Poor,Yes,876772
433,995,6,1,2,2008,Downtown,Poor,No,634855
434,1854,2,1,2,2006,Rural,Good,Yes,579726
435,1459,5,5,1,1998,Rural,Poor,No,488992
436,2236,3,5,1,2002,Downtown,Good,Yes,965584
437,4666,2,4,2,1995,Rural,Poor,Yes,908844
438,4647,2,1,3,1984,Rural,Good,Yes,993282
439,3025,3,4,1,1986,Suburban,Poor,No,717839
440,3161,4,1,1,1982,Rural,Fair,Yes,678623
441,3528,4,5,2,1985,Urban,Good,Yes,1097280
442,3883,4,4,2,2004,Downtown,Excellent,Yes,1306453
443,1685,6,1,1,1986,Downtown,Excellent,No,840083
444,3710,3,5,1,2023,Suburban,Excellent,No,1064152
445,3969,4,1,1,1996,Urban,Poor,Yes,903846
446,4852,5,5,1,2007,Suburban,Excellent,No,1296186
447,1817,5,5,1,1980,Suburban,Excellent,No,794944
448,1213,4,3,1,2001,Urban,Poor,Yes,585513
449,3903,2,1,2,2008,Downtown,Poor,No,952933
450,3189,1,4,3,2021,Rural,Poor,No,720451
451,893,5,5,1,1985,Urban,Fair,No,619961
452,3576,1,2,2,2001,Downtown,Good,No,993465
453,1398,6,2,1,2001,Urban,Good,No,671645
454,975,2,4,1,2006,Rural,Good,Yes,496956
455,1589,4,2,2,1992,Urban,Poor,No,530699
456,1609,4,4,3,2017,Suburban,Excellent,Yes,907020
457,997,5,4,3,2010,Suburban,Fair,Yes,638938
458,3773,6,5,3,2000,Downtown,Excellent,Yes,1421745
459,3859,3,3,2,1988,Suburban,Excellent,No,1030099
460,2380,2,2,3,1998,Urban,Fair,Yes,802546
461,3240,6,1,2,2015,Downtown,Excellent,No,1161963
462,704,5,1,1,2004,Suburban,Poor,Yes,376881
463,2787,2,3,3,1996,Suburban,Poor,No,674853
464,864,3,4,1,2019,Suburban,Excellent,Yes,713847
465,2956,6,1,2,2004,Downtown,Good,Yes,1033919
466,2658,2,5,2,1994,Urban,Fair,Yes,885568
467,4276,2,1,1,1991,Rural,Excellent,Yes,954185
468,2886,5,3,1,1990,Urban,Poor,No,801392
469,1868,1,2,2,2018,Rural,Good,No,548194
470,1197,6,3,3,1994,Suburban,Poor,Yes,619681
471,4999,4,1,2,1994,Suburban,Good,No,1093745
472,3004,2,5,3,2010,Rural,Poor,No,744794
473,2568,6,5,3,1995,Rural,Good,No,850020
474,3761,3,5,3,1998,Rural,Good,No,1000551
475,959,3,2,2,2012,Rural,Poor,Yes,402143
476,660,6,1,1,2022,Suburban,Excellent,Yes,617845
477,4165,6,1,3,2023,Suburban,Poor,No,953803
478,910,1,1,1,1991,Urban,Poor,Yes,368851
479,3939,4,4,3,2005,Downtown,Good,Yes,1312007
480,1569,5,1,3,2019,Rural,Poor,Yes,520989
481,4719,1,3,3,1999,Rural,Good,No,1006847
482,3836,6,1,2,1990,Suburban,Fair,No,891683
483,1780,3,3,1,2015,Suburban,Poor,Yes,540559
484,3828,5,5,1,1999,Suburban,Good,Yes,1121747
485,4798,2,2,1,1994,Urban,Fair,Yes,1046080
486,1045,5,4,3,2015,Rural,Good,Yes,661183
487,1404,2,5,2,2001,Urban,Fair,Yes,686693
488,2935,5,1,1,2000,Downtown,Excellent,No,1029440
489,1848,5,5,2,2000,Downtown,Fair,Yes,952813
490,2616,2,4,2,2003,Suburban,Good,No,827386
491,4248,3,3,2,2015,Rural,Fair,Yes,944540
492,1746,5,2,2,2020,Rural,Poor,Yes,572446
493,855,5,5,2,2017,Suburban,Poor,No,570054
494,1817,3,4,1,2017,Urban,Fair,No,728348
495,4781,1,4,2,2012,Rural,Fair,Yes,1033833
496,1749,4,2,1,2016,Suburban,Excellent,No,681902
497,2392,4,2,1,1996,Urban,Fair,Yes,752942
498,4842,3,4,2,2009,Rural,Poor,No,925219
499,4871,6,3,3,1996,Suburban,Excellent,No,1298175
500,1237,5,3,2,1994,Downtown,Good,No,829778
501,4549,5,1,3,1988,Downtown,Fair,Yes,1189109
502,4815,6,3,1,1989,Suburban,Fair,No,1049284
503,2486,4,3,3,1987,Downtown,Excellent,No,1041287
504,1920,6,4,1,1995,Rural,Fair,Yes,643858
505,4799,1,5,1,1983,Suburban,Good,Yes,1156972
506,3921,5,5,3,1981,Urban,Poor,Yes,1118422
507,4461,4,2,1,2006,Suburban,Fair,No,939828
508,3407,4,5,3,1984,Suburban,Excellent,No,1060944
509,1489,1,2,3,2012,Downtown,Fair,Yes,722360
510,4498,5,5,1,2014,Rural,Poor,No,939892
511,609,6,4,3,2006,Urban,Poor,No,579384
512,4549,4,3,3,2024,Rural,Excellent,Yes,1190565
513,4508,2,1,2,2018,Downtown,Good,Yes,1174776
514,658,5,5,1,2013,Rural,Excellent,Yes,656215
515,3949,3,1,1,2007,Urban,Good,No,972730
516,2857,6,4,1,2006,Downtown,Fair,No,1038672
517,2678,3,5,2,2005,Suburban,Poor,Yes,816646
518,1925,1,2,3,2005,Urban,Poor,Yes,644925
519,643,1,2,2,2018,Downtown,Poor,Yes,528118
520,2416,3,1,3,1982,Downtown,Excellent,No,910051
521,2035,6,4,2,1980,Suburban,Good,Yes,809280
522,4782,5,2,3,1990,Rural,Good,Yes,1070227
523,1889,1,3,2,2002,Downtown,Excellent,Yes,957966
524,725,6,1,1,2015,Urban,Good,No,578167
525,2453,5,2,2,2005,Rural,Good,Yes,773848
526,4747,1,5,1,2012,Urban,Good,Yes,1253792
527,2711,5,5,2,2024,Downtown,Excellent,No,1187581
528,3382,4,4,3,1981,Downtown,Poor,No,980244
529,3734,6,2,3,2024,Suburban,Good,No,1060311
530,4831,5,1,3,1996,Suburban,Good,Yes,1181783
531,3401,1,5,1,2010,Urban,Good,Yes,1024213
532,2097,6,2,2,1992,Suburban,Fair,No,665367
533,2477,2,2,3,2002,Suburban,Poor,Yes,635652
534,4635,5,1,3,1982,Downtown,Good,No,1268807
535,2850,4,2,3,1997,Downtown,Fair,Yes,960547
536,4906,4,4,3,1982,Urban,Excellent,Yes,1403495
537,1586,6,5,2,2000,Rural,Poor,Yes,638502
538,1425,3,3,3,1996,Suburban,Good,Yes,690936
539,4461,5,3,2,1991,Downtown,Excellent,Yes,1404776
540,3649,3,4,2,2008,Suburban,Fair,Yes,940595
541,2811,2,5,2,2004,Suburban,Fair,Yes,873190
542,679,2,4,2,1988,Urban,Excellent,No,640750
543,990,4,1,3,1990,Rural,Fair,No,402810
544,1388,4,3,2,2003,Urban,Good,No,676259
545,3973,1,3,3,2018,Suburban,Fair,No,928029
546,3263,6,5,2,2008,Rural,Excellent,No,1052319
547,1786,2,3,2,2020,Downtown,Poor,Yes,743003
548,3414,2,3,2,2021,Urban,Good,No,974583
549,4244,3,5,3,2008,Downtown,Fair,Yes,1251807
550,1624,6,2,3,1996,Rural,Fair,Yes,626521
551,1443,1,1,2,2015,Rural,Poor,No,339714
552,1281,1,3,3,1989,Rural,Excellent,No,546407
553,2626,6,3,2,2020,Suburban,Fair,Yes,837314
554,887,6,3,2,2010,Downtown,Good,No,777124
555,2050,5,5,2,2020,Downtown,Good,No,1048181
556,2460,1,4,2,2003,Downtown,Good,Yes,978889
557,686,1,5,1,2002,Urban,Excellent,Yes,720148
558,4508,3,1,2,1998,Suburban,Poor,No,849776
559,3972,5,4,2,1995,Suburban,Excellent,No,1127653
560,2754,1,4,3,1995,Urban,Good,No,906250
561,2140,1,2,1,1998,Rural,Excellent,No,592369
562,4630,2,3,1,1989,Rural,Poor,Yes,830355
563,2911,3,2,3,2008,Rural,Fair,Yes,720245
564,720,4,2,2,2006,Urban,Excellent,No,676176
565,859,3,1,1,1983,Urban,Excellent,Yes,629578
566,2087,2,3,2,1980,Rural,Fair,No,535474
567,2624,6,1,1,2009,Rural,Fair,No,641083
568,3156,3,2,3,1982,Rural,Good,No,763986
569,2227,3,1,3,1993,Rural,Fair,No,540849
570,723,2,3,3,1987,Downtown,Fair,Yes,623539
571,4493,6,5,1,2003,Rural,Fair,Yes,1109410
572,1348,6,5,2,2020,Rural,Poor,No,548434
573,4993,1,2,2,1994,Urban,Good,No,1100877
574,774,6,4,2,1988,Urban,Poor,No,578974
575,3014,5,4,1,2016,Suburban,Good,No,946423
576,2855,5,5,1,1984,Suburban,Excellent,No,963092
577,3607,4,1,3,2012,Downtown,Fair,Yes,1093935
578,2556,3,1,3,2014,Downtown,Fair,No,841422
579,2919,3,4,3,2000,Rural,Poor,Yes,707792
580,1663,2,1,1,1986,Downtown,Fair,Yes,627305
581,3783,6,4,3,2019,Urban,Poor,No,1054065
582,1180,1,2,3,2011,Rural,Excellent,Yes,590407
583,4007,3,1,3,1997,Rural,Poor,No,711430
584,2368,5,1,1,1994,Downtown,Fair,Yes,878929
585,2637,5,2,3,2015,Downtown,Poor,No,919290
586,4098,1,2,1,2015,Downtown,Good,Yes,1160989
587,4229,3,3,3,2000,Urban,Excellent,No,1199400
588,2571,5,5,1,2004,Urban,Good,No,970049
589,3852,1,1,2,2018,Rural,Fair,No,684800
590,3060,2,2,2,1981,Urban,Fair,Yes,789646
591,4371,3,2,1,1996,Urban,Fair,Yes,1021381
592,3060,1,5,2,2016,Suburban,Poor,No,789946
593,2016,4,5,1,2018,Urban,Poor,No,703006
594,1058,3,3,2,2006,Rural,Fair,Yes,484543
595,1043,3,5,1,2000,Suburban,Good,Yes,635114
596,1013,6,4,2,2018,Rural,Fair,No,540267
597,3830,2,2,2,1985,Downtown,Poor,No,925563
598,1296,4,5,2,2024,Suburban,Fair,No,641486
599,4596,4,5,1,2015,Suburban,Fair,Yes,1138118
600,4123,3,5,1,1987,Downtown,Excellent,No,1281688
601,2160,3,3,3,2021,Rural,Good,Yes,758038
602,4222,5,2,2,1982,Suburban,Fair,No,929836
603,1302,1,1,1,2019,Suburban,Good,Yes,530383
604,1511,3,4,2,1981,Urban,Fair,Yes,681807
605,4886,3,5,2,2019,Suburban,Poor,No,1114118
606,956,3,2,1,1998,Suburban,Good,Yes,555963
607,668,1,4,3,1997,Urban,Poor,Yes,510397
608,3766,2,4,3,1986,Urban,Excellent,Yes,1157504
609,2229,5,4,3,1981,Rural,Fair,No,682926
610,4613,4,2,1,2002,Urban,Good,No,1106044
611,4706,3,1,3,1996,Downtown,Poor,No,1080937
612,1842,3,4,3,1988,Rural,Excellent,Yes,786190
613,2569,5,2,2,1999,Urban,Excellent,Yes,977205
614,1735,5,5,3,1992,Suburban,Good,Yes,872144
615,1789,6,5,1,2000,Rural,Poor,Yes,629833
616,1792,6,1,2,2006,Downtown,Good,No,851727
617,1844,2,1,1,1991,Rural,Good,Yes,505812
618,2491,6,1,2,1985,Downtown,Fair,No,871010
619,2107,4,4,2,1988,Suburban,Fair,Yes,709139
620,3947,1,3,2,1994,Suburban,Fair,Yes,892124
621,4198,5,4,3,2000,Downtown,Fair,No,1250576
622,942,5,4,3,2000,Downtown,Poor,Yes,774583
623,4342,1,2,3,2014,Downtown,Poor,No,1072839
624,1003,2,3,2,2005,Urban,Good,No,592056
625,4060,3,5,1,2024,Suburban,Excellent,No,1113154
626,4701,1,2,3,2024,Suburban,Excellent,No,1141641
627,4293,1,2,2,2017,Suburban,Excellent,Yes,1084463
628,3254,6,2,3,1987,Rural,Poor,No,737601
629,1298,5,4,3,2012,Suburban,Excellent,No,767164
630,1999,3,5,3,1989,Suburban,Fair,Yes,737180
631,4037,3,3,3,2008,Urban,Fair,Yes,1066010
632,2261,1,5,2,1980,Downtown,Excellent,No,938398
633,4642,2,2,3,2022,Downtown,Excellent,No,1341207
634,1250,5,5,1,1995,Urban,Fair,Yes,713277
635,1814,1,3,1,1989,Rural,Good,No,475125
636,1001,1,4,1,1990,Urban,Fair,No,509155
637,893,1,3,2,2003,Downtown,Poor,No,505394
638,2998,4,2,1,2024,Urban,Good,No,936076
639,2319,6,2,3,1983,Rural,Poor,No,587297
640,4098,5,3,2,2013,Urban,Fair,No,1101728
641,4677,4,2,3,1994,Urban,Fair,Yes,1130258
642,796,4,1,3,1993,Downtown,Excellent,Yes,799570
643,3464,5,2,1,2020,Suburban,Good,No,893971
644,3121,3,5,3,2000,Rural,Poor,No,761087
645,3844,6,5,3,1981,Suburban,Fair,No,1057674
646,4524,4,1,3,1988,Downtown,Fair,No,1144303
647,4388,4,1,3,1999,Urban,Poor,Yes,1027339
648,3496,1,2,2,1981,Urban,Excellent,Yes,1013981
649,2135,5,1,2,2000,Rural,Good,No,594751
650,4671,2,3,2,1999,Suburban,Good,Yes,1089605
651,3665,1,2,1,2008,Rural,Excellent,Yes,864756
652,3386,4,5,2,2000,Suburban,Poor,Yes,906664
653,899,4,4,3,2013,Rural,Poor,No,405526
654,1313,3,4,1,1986,Urban,Poor,No,519889
655,3228,2,2,2,1997,Urban,Excellent,Yes,1003997
656,1823,2,3,1,1980,Rural,Fair,No,450879
657,2820,2,3,3,1995,Suburban,Poor,No,696099
658,4234,1,2,1,2010,Rural,Poor,No,681781
659,1305,4,4,1,2018,Downtown,Good,No,828184
660,2223,6,5,1,2009,Suburban,Poor,No,704683
661,4332,3,4,2,1994,Suburban,Fair,No,1007378
662,3811,2,3,2,2009,Downtown,Poor,Yes,1064498
663,1524,3,4,2,1990,Urban,Good,Yes,804357
664,1443,4,1,2,2015,Rural,Good,No,528570
665,3986,2,5,1,2015,Suburban,Excellent,No,1063428
666,3391,2,5,2,2007,Urban,Fair,Yes,979104
667,4586,1,5,3,2009,Urban,Poor,No,1062661
668,3123,4,1,3,1986,Downtown,Good,No,972893
669,1341,2,2,3,2020,Rural,Fair,Yes,521617
670,4952,3,4,3,2016,Downtown,Fair,Yes,1367537
671,3055,5,3,2,2002,Rural,Poor,No,675893
672,3009,1,3,3,1983,Rural,Good,Yes,776694
673,855,2,4,3,2017,Downtown,Good,No,781394
674,3725,4,5,1,2022,Suburban,Excellent,Yes,1149996
675,3750,3,4,1,1998,Suburban,Fair,Yes,909553
676,728,2,4,3,2007,Suburban,Poor,Yes,502267
677,4335,6,5,2,2019,Suburban,Excellent,No,1299163
678,3751,3,2,1,2007,Rural,Excellent,Yes,966857
679,2805,4,5,3,2003,Rural,Poor,No,747435
680,1527,5,4,3,1985,Suburban,Good,No,759972
681,1240,5,5,1,1995,Downtown,Poor,No,684517
682,3414,5,1,2,2009,Downtown,Good,No,1075887
683,3013,3,2,1,2024,Urban,Good,Yes,956503
684,1985,5,1,3,1998,Rural,Good,No,600039
685,1638,5,1,2,1996,Suburban,Good,No,620189
686,716,6,1,3,1991,Suburban,Excellent,No,594809
687,2740,6,2,2,1991,Rural,Good,Yes,789314
688,1862,4,4,2,1995,Downtown,Fair,Yes,893019
689,1045,6,3,1,1983,Suburban,Excellent,No,682345
690,3068,4,5,1,2004,Downtown,Excellent,No,1147485
691,4945,4,1,2,2008,Downtown,Good,Yes,1288186
692,4952,6,3,2,2019,Urban,Good,No,1294647
693,1405,3,5,2,2009,Suburban,Fair,No,611907
694,3166,5,1,3,1980,Rural,Poor,No,621675
695,4902,1,4,2,1994,Urban,Good,Yes,1186851
696,794,5,1,1,2018,Suburban,Poor,Yes,391852
697,1664,4,5,1,1987,Suburban,Good,No,725684
698,1220,6,4,2,2007,Urban,Good,Yes,798798
699,2871,1,4,2,2001,Rural,Good,No,719616
700,4209,1,4,1,2019,Downtown,Fair,No,1076117
701,1778,5,4,1,2019,Rural,Excellent,No,712948
702,885,1,1,3,1996,Downtown,Poor,No,466835
703,607,1,4,2,1989,Urban,Excellent,Yes,691167
704,4619,4,4,2,1984,Suburban,Poor,No,1017540
705,1592,5,5,2,2001,Urban,Excellent,Yes,927723
706,3592,5,3,1,2009,Urban,Fair,Yes,980595
707,3747,6,2,2,2024,Downtown,Poor,No,1089681
708,1295,6,4,3,1992,Suburban,Poor,Yes,615299
709,2553,4,4,1,2014,Urban,Excellent,No,932936
710,903,3,1,2,1982,Downtown,Poor,Yes,571701
711,4354,6,5,1,2017,Suburban,Poor,Yes,1079088
712,4605,6,1,2,2019,Rural,Fair,Yes,971207
713,2011,6,1,2,1986,Downtown,Fair,Yes,817532
714,1535,4,5,3,1994,Rural,Fair,No,608391
715,3893,3,1,3,2016,Suburban,Good,Yes,973460
716,2020,3,1,1,1997,Suburban,Excellent,Yes,731587
717,1951,4,2,3,1982,Suburban,Poor,No,545772
718,728,4,1,1,1980,Suburban,Poor,No,304915
719,4499,6,2,1,1989,Urban,Excellent,No,1194314
720,2029,5,1,3,1991,Downtown,Poor,No,752798
721,4030,1,5,1,1992,Rural,Poor,No,795074
722,2396,4,2,2,1983,Suburban,Poor,Yes,673002
723,4675,2,2,3,1982,Rural,Good,No,947546
724,4160,3,3,3,2009,Rural,Poor,Yes,880853
725,1894,1,4,3,1987,Rural,Fair,No,540555
726,4032,2,3,1,1987,Urban,Fair,Yes,968919
727,3979,2,4,1,1984,Downtown,Excellent,Yes,1258684
728,1787,2,5,2,1991,Downtown,Good,Yes,947111
729,2190,6,3,2,1992,Urban,Fair,Yes,814568
730,2898,2,1,2,2009,Downtown,Fair,No,838626
731,3017,5,2,3,2019,Suburban,Fair,Yes,913026
732,4874,4,2,3,2010,Downtown,Good,Yes,1388643
733,2620,2,3,2,2017,Suburban,Fair,Yes,783858
734,962,1,4,3,2012,Rural,Excellent,No,595508
735,1402,4,4,1,1985,Rural,Excellent,Yes,646484
736,3536,3,2,3,1985,Rural,Excellent,No,874727
737,4362,5,5,1,2009,Downtown,Fair,No,1231331
738,3634,6,4,3,2020,Rural,Poor,No,898364
739,4949,1,3,2,1997,Suburban,Poor,No,914989
740,4816,6,3,1,1987,Downtown,Good,No,1276877
741,3594,3,2,3,2015,Rural,Fair,Yes,851829
742,2554,5,1,3,2010,Suburban,Fair,No,742360
743,2790,5,4,2,1983,Rural,Good,No,822248
744,4583,5,5,1,2010,Urban,Excellent,No,1288936
745,2142,4,1,1,2005,Suburban,Good,Yes,679724
746,1949,3,1,3,1989,Downtown,Fair,Yes,821452
747,785,3,4,3,2014,Suburban,Excellent,No,694492
748,4236,6,1,2,1992,Rural,Poor,Yes,891527
749,3351,4,5,2,2021,Urban,Excellent,No,1179926
750,3091,5,2,2,1990,Urban,Fair,No,873740
751,2960,1,2,2,1998,Downtown,Fair,Yes,902987
752,2093,2,2,1,1995,Rural,Poor,No,387862
753,4211,3,3,1,1993,Rural,Good,No,885386
754,3654,4,5,1,2014,Urban,Poor,Yes,1028456
755,4691,2,4,2,1989,Rural,Good,No,1032911
756,2974,5,2,3,2008,Urban,Poor,No,804883
757,1742,6,5,1,1999,Rural,Excellent,Yes,838644
758,3527,1,3,1,2018,Suburban,Fair,No,782467
759,784,1,5,2,2023,Rural,Excellent,Yes,639366
760,3203,5,5,3,1983,Urban,Excellent,Yes,1213886
761,3628,4,3,1,1998,Urban,Good,No,1020862
762,1317,2,4,3,2006,Downtown,Good,Yes,887517
763,3993,2,5,3,1985,Suburban,Fair,No,1001993
764,4903,3,1,3,2004,Rural,Poor,No,875360
765,3995,2,5,2,2016,Suburban,Fair,Yes,1047314
766,2971,5,4,1,1999,Urban,Excellent,No,1027823
767,819,1,2,2,1999,Downtown,Poor,No,501032
768,2069,4,2,1,1987,Urban,Excellent,Yes,855621
769,4536,5,4,2,2020,Downtown,Poor,No,1247697
770,743,3,2,3,1983,Suburban,Good,No,473894
771,3527,2,1,2,2003,Downtown,Good,Yes,1051807
772,2989,5,1,3,1992,Suburban,Poor,Yes,769889
773,3190,6,3,2,2023,Urban,Poor,No,897787
774,705,2,5,2,2003,Downtown,Excellent,No,785993
775,1439,2,2,3,1994,Suburban,Poor,No,475612
776,1225,1,2,1,2010,Urban,Good,No,536645
777,4220,5,5,2,1991,Urban,Poor,Yes,1114044
778,1654,6,2,3,1994,Urban,Fair,Yes,743497
779,1243,4,1,1,1981,Downtown,Excellent,Yes,771971
780,1483,1,5,3,1983,Downtown,Poor,No,664107
781,1142,3,1,1,1987,Suburban,Fair,Yes,449866
782,839,1,2,3,1997,Urban,Good,Yes,622474
783,2581,5,5,1,1986,Rural,Fair,Yes,758188
784,2007,5,1,3,1986,Suburban,Excellent,No,752279
785,4201,6,1,1,2002,Downtown,Excellent,Yes,1317748
786,2464,4,1,2,1987,Downtown,Poor,Yes,825467
787,3559,6,3,3,1982,Rural,Good,No,908422
788,3752,3,4,3,1999,Downtown,Fair,No,1119728
789,4105,2,1,2,2023,Urban,Fair,Yes,1016066
790,1461,4,4,3,2022,Rural,Poor,Yes,593793
791,3881,6,5,1,1990,Rural,Good,Yes,1053930
792,2240,5,4,1,1994,Downtown,Excellent,No,1022179
793,3878,3,4,3,2018,Downtown,Excellent,No,1282026
794,4324,1,1,2,2011,Downtown,Fair,Yes,1047875
795,1415,6,1,1,2011,Rural,Fair,No,460029
796,1851,3,5,3,1986,Rural,Excellent,No,741862
797,3004,6,4,2,2012,Urban,Good,Yes,1057921
798,4125,1,4,2,2000,Downtown,Excellent,No,1201641
799,869,2,5,3,1999,Suburban,Excellent,No,661232
800,3159,6,4,2,1987,Downtown,Excellent,No,1186742
801,4750,1,4,2,2011,Downtown,Good,No,1272756
802,1103,1,5,1,1988,Urban,Good,Yes,674064
803,3717,1,4,2,2002,Downtown,Good,Yes,1152176
804,2628,2,3,3,1985,Rural,Good,Yes,756109
805,1990,1,5,2,1982,Downtown,Excellent,No,935696
806,767,6,4,3,1981,Urban,Excellent,No,784475
807,1400,4,1,3,2023,Suburban,Good,No,655298
808,3381,2,5,2,2003,Downtown,Fair,No,1022517
809,4989,2,3,2,1983,Urban,Excellent,Yes,1253858
810,1376,5,3,2,1984,Downtown,Excellent,Yes,939643
811,1228,6,3,3,1999,Downtown,Good,Yes,929964
812,3895,3,5,3,2009,Suburban,Poor,Yes,1034806
813,2344,6,4,2,2020,Downtown,Poor,Yes,985426
814,4388,2,2,1,2023,Urban,Excellent,No,1129426
815,1127,6,2,2,1997,Urban,Fair,No,604565
816,3924,2,1,1,1992,Rural,Fair,No,719018
817,4576,5,4,2,2021,Rural,Fair,Yes,1083264
818,1717,1,3,2,2022,Suburban,Poor,No,471774
819,1053,1,3,3,1999,Rural,Excellent,No,507121
820,3851,6,2,1,1987,Rural,Good,No,858424
821,2550,5,1,2,2001,Downtown,Fair,No,853324
822,1781,1,2,1,1997,Downtown,Excellent,No,760775
823,4617,5,3,3,1987,Urban,Excellent,No,1279954
824,2875,2,3,2,2003,Urban,Poor,Yes,766441
825,2563,3,5,2,1999,Urban,Poor,Yes,862221
826,3782,1,4,2,1999,Rural,Fair,No,783565
827,1912,4,3,3,2006,Rural,Good,Yes,747687
828,4459,6,4,2,2007,Rural,Fair,No,1055121
829,1143,3,4,3,2015,Urban,Excellent,Yes,819363
830,2105,6,4,3,1988,Rural,Excellent,Yes,884673
831,3170,5,1,1,1990,Suburban,Fair,No,743314
832,4298,4,2,2,1991,Urban,Good,Yes,1107272
833,3995,3,2,2,2004,Suburban,Poor,Yes,872852
834,1328,4,2,2,2024,Suburban,Poor,No,511377
835,2731,2,1,2,1990,Rural,Poor,No,512263
836,4648,1,2,3,1993,Suburban,Good,No,1049131
837,3729,2,4,1,2018,Suburban,Good,Yes,1020936
838,2077,4,2,1,1998,Urban,Fair,No,665112
839,3628,5,4,1,1980,Downtown,Fair,No,1082968
840,2338,6,4,3,2007,Urban,Poor,Yes,858910
841,1026,3,2,2,2002,Rural,Poor,No,346101
842,3720,3,4,3,2003,Suburban,Poor,Yes,935916
843,1991,5,4,2,2009,Suburban,Poor,No,697818
844,4146,2,3,1,2000,Rural,Fair,No,806801
845,3553,4,3,2,2019,Urban,Good,No,1028409
846,3184,6,4,1,2015,Downtown,Poor,Yes,1042960
847,1047,2,2,1,2010,Urban,Fair,No,504818
848,1550,4,1,2,2002,Downtown,Excellent,No,810694
849,1812,1,3,1,1993,Urban,Fair,Yes,664821
850,2834,5,5,1,2017,Rural,Fair,No,755200
851,2616,4,1,2,1981,Urban,Poor,No,674283
852,1468,3,2,1,1985,Downtown,Excellent,No,778960
853,647,3,1,3,2019,Downtown,Good,Yes,698119
854,998,6,3,2,1983,Rural,Excellent,Yes,665389
855,2690,2,2,2,1985,Rural,Fair,Yes,636771
856,3896,3,2,1,1999,Downtown,Excellent,No,1129728
857,3541,6,1,2,2012,Suburban,Excellent,No,1027512
858,4502,3,5,3,2007,Rural,Excellent,No,1149416
859,4156,6,4,1,1982,Urban,Excellent,Yes,1245145
860,4657,5,5,1,1998,Downtown,Excellent,Yes,1489266
861,3060,2,2,3,1999,Suburban,Excellent,No,862555
862,1226,1,5,1,2012,Downtown,Excellent,Yes,906873
863,2675,3,3,3,1985,Rural,Poor,No,587209
864,2092,4,1,1,2006,Urban,Good,No,738315
865,2771,3,2,1,1991,Rural,Good,Yes,726653
866,4977,1,1,2,1987,Rural,Fair,No,870179
867,3918,6,5,3,2011,Urban,Good,No,1239779
868,1317,2,2,1,1992,Rural,Poor,Yes,308679
869,2314,4,2,3,1995,Downtown,Fair,Yes,912771
870,4396,2,4,2,1981,Rural,Fair,Yes,956781
871,4573,4,1,2,2017,Suburban,Fair,No,993630
872,1017,3,1,1,2020,Downtown,Excellent,No,723377
873,903,4,4,2,2012,Downtown,Fair,Yes,798381
874,755,4,5,2,2015,Rural,Good,No,578316
875,1557,4,5,3,2002,Downtown,Excellent,Yes,1038111
876,2959,6,2,2,2002,Downtown,Fair,Yes,1039708
877,4437,2,3,3,2004,Downtown,Good,No,1218202
878,2297,3,1,3,2010,Suburban,Fair,Yes,679353
879,4631,1,4,2,1999,Suburban,Fair,Yes,1011471
880,3539,3,3,3,1990,Suburban,Poor,Yes,869222
881,4127,1,5,1,1987,Suburban,Excellent,No,1061221
882,3510,1,5,2,1989,Rural,Poor,No,739467
883,1508,1,5,3,1986,Rural,Poor,Yes,481134
884,2282,3,2,3,1998,Downtown,Excellent,Yes,1007513
885,3579,3,2,1,1992,Downtown,Excellent,Yes,1140309
886,4480,3,3,3,1990,Rural,Good,No,1015796
887,3554,6,2,1,2013,Downtown,Fair,Yes,1120936
888,3986,4,4,3,2023,Urban,Poor,No,1028452
889,681,6,5,1,1985,Urban,Good,No,661083
890,4155,1,4,1,2022,Suburban,Poor,No,882634
891,3893,6,5,2,2000,Urban,Poor,No,1092463
892,1803,6,4,2,2021,Suburban,Excellent,No,893454
893,2216,3,1,1,2014,Urban,Excellent,Yes,870139
894,2925,2,1,3,2015,Urban,Good,Yes,873994
895,828,5,5,2,1995,Urban,Excellent,Yes,805717
896,3655,3,5,2,1987,Rural,Poor,No,787229
897,642,4,3,1,2017,Suburban,Good,No,519584
898,1746,6,4,3,1995,Rural,Good,Yes,778322
899,4321,1,2,3,2007,Downtown,Poor,Yes,1051896
900,4080,2,4,1,2008,Rural,Good,No,943019
901,3834,3,5,2,2020,Downtown,Excellent,No,1318376
902,1934,2,5,1,2011,Downtown,Fair,Yes,860301
903,4330,4,1,3,1990,Urban,Poor,No,929111
904,1590,3,5,2,1982,Suburban,Poor,No,562717
905,3667,3,3,2,1981,Suburban,Fair,No,819091
906,3099,3,2,1,2011,Rural,Poor,No,570210
907,966,4,4,3,1999,Downtown,Good,No,834959
908,1687,2,5,3,2009,Downtown,Excellent,Yes,1036841
909,1331,5,5,2,2004,Suburban,Excellent,No,767600
910,4229,6,3,3,1985,Suburban,Poor,No,960229
911,1297,2,5,3,2016,Rural,Fair,No,571946
912,752,1,5,1,1981,Urban,Fair,Yes,558266
913,1293,5,5,2,2005,Rural,Excellent,Yes,771843
914,4180,2,4,1,2013,Urban,Excellent,No,1127430
915,1539,1,5,1,1998,Suburban,Fair,No,526302
916,1863,3,4,3,1990,Rural,Good,Yes,670496
917,1079,3,4,1,2000,Suburban,Excellent,No,639062
918,3676,1,1,1,1995,Suburban,Excellent,No,835903
919,2806,1,3,2,2015,Downtown,Poor,No,792458
920,3938,6,2,1,1997,Rural,Fair,Yes,891136
921,3932,4,1,3,2012,Suburban,Fair,No,895384
922,2608,5,4,3,2008,Rural,Poor,No,704472
923,1971,1,1,2,1997,Urban,Excellent,No,703881
924,4780,3,1,1,2014,Rural,Good,Yes,1005513
925,1607,2,5,2,2007,Suburban,Good,No,694472
926,4308,3,2,3,2000,Urban,Fair,No,1036511
927,730,6,2,3,1980,Downtown,Poor,Yes,638395
928,3984,5,4,2,2014,Rural,Poor,Yes,951630
929,1611,3,4,3,2002,Downtown,Fair,Yes,841148
930,4390,3,2,2,1980,Suburban,Poor,No,868250
931,2168,1,5,3,1999,Suburban,Fair,No,714539
932,901,3,4,3,2018,Suburban,Poor,Yes,562960
933,1508,3,5,3,2011,Suburban,Fair,Yes,694226
934,1650,6,1,1,1996,Suburban,Good,Yes,636280
935,4965,5,3,3,2015,Downtown,Poor,No,1238522
936,3246,4,4,2,1987,Downtown,Excellent,No,1196667
937,956,6,2,1,1997,Downtown,Excellent,No,759496
938,3810,2,3,1,2016,Rural,Fair,No,750207
939,2647,2,2,2,1999,Rural,Poor,Yes,599325
940,4138,1,5,3,2001,Urban,Fair,Yes,1137082
941,2552,3,1,2,2013,Suburban,Poor,No,571979
942,4257,5,1,1,1983,Rural,Excellent,No,919188
943,1644,1,4,1,1999,Downtown,Poor,Yes,663292
944,1027,3,4,2,1986,Downtown,Fair,Yes,750344
945,3745,4,4,3,2019,Rural,Good,Yes,1059141
946,4837,3,5,1,1986,Rural,Poor,Yes,963742
947,1632,6,5,2,2002,Downtown,Excellent,No,1022209
948,2591,2,1,1,1988,Urban,Excellent,No,790883
949,1792,2,4,2,2018,Urban,Good,No,736299
950,4840,5,2,1,1995,Rural,Excellent,No,1070212
951,2241,6,2,1,2001,Suburban,Excellent,No,823348
952,3349,5,3,2,2001,Suburban,Poor,No,786135
953,4662,2,1,3,1994,Suburban,Excellent,Yes,1128918
954,4538,6,3,3,2004,Suburban,Excellent,Yes,1262491
955,3572,1,1,2,1981,Rural,Fair,No,656665
956,2192,6,5,2,1982,Rural,Fair,Yes,752277
957,2026,2,3,3,1991,Urban,Fair,Yes,737458
958,776,2,3,1,1981,Suburban,Excellent,Yes,572872
959,2322,3,4,1,2003,Urban,Fair,No,727659
960,1570,2,2,1,1992,Downtown,Good,No,728150
961,2603,1,5,3,1992,Urban,Fair,No,824032
962,1036,6,3,1,2012,Downtown,Fair,Yes,795111
963,1131,2,5,2,2021,Urban,Excellent,No,771456
964,3236,6,3,3,2024,Downtown,Excellent,No,1251991
965,3884,6,5,3,1982,Suburban,Fair,Yes,1129635
966,2520,4,2,2,2007,Downtown,Fair,No,870961
967,1294,2,1,2,2008,Urban,Fair,Yes,587011
968,4796,5,3,2,2008,Downtown,Excellent,No,1416990
969,4675,3,3,2,1981,Suburban,Excellent,Yes,1183690
970,1221,3,1,2,2012,Rural,Good,Yes,478143
971,1571,1,3,1,2014,Suburban,Good,Yes,631549
972,2648,3,3,1,2018,Suburban,Good,Yes,838612
973,2908,3,4,2,2017,Rural,Excellent,Yes,942961
974,2464,2,2,2,1994,Downtown,Excellent,No,915135
975,3164,2,4,3,2006,Suburban,Excellent,No,953725
976,3669,2,5,1,1999,Rural,Excellent,No,954146
977,2447,4,4,3,2005,Urban,Good,Yes,948836
978,1739,2,3,3,2020,Downtown,Excellent,Yes,996156
979,1121,5,4,1,2010,Rural,Good,No,563275
980,1363,2,1,3,2015,Suburban,Poor,No,397952
981,2129,2,1,2,1998,Suburban,Fair,No,583838
982,1173,4,1,2,2013,Rural,Fair,No,418337
983,3803,2,1,1,2014,Downtown,Excellent,Yes,1158021
984,2291,2,2,2,2007,Downtown,Fair,No,780999
985,4716,6,4,2,1992,Rural,Fair,No,1016404
986,3870,5,2,3,2001,Downtown,Excellent,No,1226272
987,1346,3,4,2,2024,Urban,Excellent,Yes,877171
988,2640,2,5,3,2007,Downtown,Excellent,Yes,1142521
989,3823,6,1,1,1990,Urban,Good,Yes,1039611
990,4642,4,5,1,2003,Rural,Poor,No,959242
991,4294,2,3,1,2012,Rural,Excellent,Yes,1005423
992,4383,4,3,3,2005,Suburban,Excellent,Yes,1191742
993,2652,1,2,2,2022,Downtown,Excellent,No,948683
994,1276,5,2,3,2008,Suburban,Excellent,No,704570
995,1997,1,5,1,1991,Urban,Poor,No,604644
996,1235,6,1,3,1997,Suburban,Excellent,No,677597
997,2374,6,1,3,2014,Suburban,Excellent,Yes,958364
998,1442,4,3,2,1983,Rural,Poor,No,403932
999,2645,3,2,1,1985,Rural,Excellent,Yes,716233
1000,3361,2,1,1,1986,Suburban,Fair,Yes,753829
1001,4798,1,3,2,2015,Suburban,Fair,No,1023593
1002,1589,2,2,1,2002,Urban,Fair,Yes,619314
1003,3190,1,4,1,2009,Suburban,Poor,No,720512
1004,959,1,2,2,1999,Downtown,Poor,Yes,549677
1005,1376,5,3,3,2024,Downtown,Fair,No,805100
1006,3204,6,4,1,2001,Rural,Excellent,No,976561
1007,2504,5,5,3,1980,Suburban,Poor,Yes,823361
1008,2536,6,4,1,2019,Rural,Poor,Yes,733409
1009,4685,3,2,1,2004,Suburban,Poor,Yes,971085
1010,3292,2,3,2,2021,Rural,Excellent,No,844445
1011,2476,6,3,2,1995,Suburban,Poor,Yes,750976
1012,3725,5,3,1,2008,Rural,Poor,No,742698
1013,2176,1,2,1,1988,Rural,Fair,Yes,490893
1014,4756,1,4,3,2009,Urban,Fair,Yes,1171322
1015,4073,2,5,1,1999,Urban,Excellent,Yes,1203818
1016,4541,1,3,2,2004,Suburban,Excellent,No,1112448
1017,4739,5,4,1,2010,Rural,Excellent,No,1128864
1018,3059,5,5,1,2015,Suburban,Good,No,986126
1019,3105,4,3,2,2015,Downtown,Poor,No,924936
1020,4444,2,2,1,1980,Rural,Good,No,877205
1021,4006,4,3,2,2011,Urban,Poor,No,937959
1022,1619,4,5,1,1992,Downtown,Good,No,900750
1023,4602,6,3,3,1983,Downtown,Excellent,Yes,1447455
1024,4513,1,3,3,2023,Rural,Fair,No,945484
1025,1807,3,2,3,2017,Suburban,Poor,Yes,583313
1026,3748,4,5,1,2013,Suburban,Excellent,Yes,1173810
1027,2671,6,3,3,2014,Downtown,Good,No,1064543
1028,1495,6,5,2,1989,Urban,Fair,No,762758
1029,652,2,4,1,1986,Rural,Excellent,No,459333
1030,4130,2,2,2,1991,Suburban,Fair,No,855703
1031,4717,1,4,3,1993,Suburban,Fair,Yes,1068315
1032,2171,3,4,2,2020,Rural,Fair,Yes,686015
1033,1302,4,1,2,1984,Urban,Poor,Yes,551028
1034,4574,6,1,1,1983,Urban,Poor,Yes,994323
1035,2329,5,1,2,2018,Urban,Excellent,No,897280
1036,4118,3,3,3,2001,Urban,Fair,No,1054338
1037,3700,5,1,2,2001,Rural,Poor,No,734165
1038,1737,1,5,1,2013,Urban,Fair,No,690498
1039,4492,5,4,3,1992,Rural,Good,Yes,1147752
1040,974,6,3,3,2008,Suburban,Excellent,No,710295
1041,3453,4,4,3,2024,Rural,Excellent,No,1008854
1042,1772,5,5,3,2012,Rural,Fair,No,656555
1043,3068,6,5,2,1990,Downtown,Poor,No,1023235
1044,2593,2,2,3,2024,Rural,Poor,No,542415
1045,1912,3,4,2,1994,Urban,Excellent,Yes,886633
1046,4978,6,4,1,2024,Urban,Fair,Yes,1299397
1047,3688,6,4,3,2021,Downtown,Fair,Yes,1257719
1048,1547,3,1,1,1985,Urban,Fair,Yes,578315
1049,1643,3,4,3,1980,Urban,Poor,Yes,693910
1050,4070,3,3,3,1988,Suburban,Poor,No,850754
1051,4373,3,2,2,1994,Downtown,Excellent,Yes,1292829
1052,1794,6,1,3,2000,Urban,Poor,No,671619
1053,2367,4,3,3,2004,Rural,Good,Yes,774420
1054,2443,6,1,1,2011,Downtown,Good,Yes,939061
1055,3813,3,4,3,2010,Urban,Excellent,No,1153099
1056,4924,6,3,2,2024,Suburban,Excellent,Yes,1328737
1057,3249,5,1,3,1999,Downtown,Fair,Yes,1061623
1058,4552,3,2,1,1993,Suburban,Poor,No,843802
1059,1809,4,4,3,1990,Rural,Poor,No,566216
1060,2071,1,1,3,2021,Urban,Excellent,Yes,852247
1061,2607,1,1,1,2005,Downtown,Good,Yes,877015
1062,1334,4,4,2,2020,Downtown,Good,Yes,886958
1063,1555,1,1,2,2021,Suburban,Poor,No,410352
1064,1374,5,2,2,2010,Downtown,Good,Yes,833063
1065,3264,1,5,1,2005,Rural,Excellent,No,841459
1066,4850,5,5,3,2021,Rural,Fair,Yes,1175930
1067,2074,1,5,2,2000,Rural,Poor,Yes,561560
1068,1920,1,5,2,1982,Rural,Poor,No,488252
1069,2005,4,1,1,1999,Rural,Good,No,526656
1070,4617,6,3,3,2002,Suburban,Poor,Yes,1101742
1071,900,2,2,2,1993,Suburban,Fair,No,402258
1072,1652,6,5,2,1984,Urban,Good,No,830546
1073,3877,4,1,2,2023,Downtown,Fair,Yes,1077813
1074,2806,6,2,3,2003,Suburban,Excellent,Yes,1015735
1075,4152,4,1,3,1995,Rural,Good,Yes,994500
1076,1501,6,5,2,1984,Urban,Poor,No,700959
1077,2838,2,2,2,1980,Rural,Excellent,Yes,790938
1078,1460,1,2,3,1999,Downtown,Poor,No,606261
1079,2820,5,1,1,1990,Urban,Excellent,Yes,955942
1080,4955,5,5,2,2010,Suburban,Good,Yes,1341589
1081,1873,6,2,1,2004,Urban,Poor,No,632836
1082,4026,6,4,1,2008,Urban,Excellent,No,1223322
1083,4104,5,2,2,2020,Rural,Good,No,968871
1084,1338,6,1,1,1995,Rural,Fair,Yes,447896
1085,2941,5,4,1,2007,Suburban,Excellent,No,1001148
1086,4961,6,1,2,1980,Suburban,Poor,No,989372
1087,2600,6,5,3,2018,Rural,Excellent,Yes,1056018
1088,2443,2,1,2,1988,Urban,Poor,No,623582
1089,3705,2,3,1,2001,Suburban,Poor,No,766438
1090,4557,3,3,1,1980,Downtown,Fair,No,1148136
1091,890,4,5,2,1983,Urban,Poor,No,560513
1092,3044,3,1,1,2002,Suburban,Excellent,No,788741
1093,1430,4,4,1,1985,Suburban,Excellent,Yes,777036
1094,656,2,3,1,2010,Downtown,Good,No,643695
1095,4108,2,5,2,1986,Downtown,Excellent,Yes,1305993
1096,3497,6,4,1,2002,Suburban,Poor,Yes,920607
1097,929,2,4,2,2001,Rural,Fair,Yes,482527
1098,2777,1,4,2,2015,Downtown,Fair,No,931877
1099,4711,6,4,1,1987,Rural,Poor,Yes,981682
1100,3419,5,1,3,1995,Rural,Good,No,794607
1101,4158,4,3,2,2011,Rural,Excellent,Yes,1074897
1102,4788,2,2,2,1987,Urban,Fair,No,1018466
1103,4482,6,1,3,2012,Suburban,Fair,Yes,1083155
1104,1586,2,4,1,1997,Suburban,Fair,No,512484
1105,2235,1,1,2,2006,Urban,Fair,Yes,679138
1106,4090,4,1,3,2007,Rural,Good,Yes,965540
1107,3578,3,3,3,2006,Suburban,Good,Yes,1003632
1108,934,1,1,3,2000,Suburban,Good,No,455951
1109,1425,4,2,2,2011,Urban,Good,No,668243
1110,1393,6,1,3,2015,Suburban,Good,No,676152
1111,4932,5,3,1,2021,Urban,Fair,No,1145573
1112,1471,2,5,1,1982,Suburban,Fair,No,523423
1113,1213,5,5,2,1999,Downtown,Fair,Yes,824227
1114,1647,2,4,3,1996,Urban,Good,No,733206
1115,4172,1,4,2,2013,Rural,Fair,No,846239
1116,2972,1,5,1,2024,Suburban,Excellent,No,963331
1117,4806,1,2,2,2012,Downtown,Excellent,No,1275655
1118,2295,2,1,1,2016,Suburban,Poor,No,536811
1119,4901,3,3,1,1998,Urban,Poor,Yes,1071395
1120,973,5,2,2,1982,Suburban,Good,Yes,593731
1121,1022,6,2,1,2014,Rural,Poor,No,387170
1122,3258,1,5,2,1988,Downtown,Good,No,1029315
1123,685,3,2,3,1997,Suburban,Good,Yes,528476
1124,3729,6,3,3,2020,Suburban,Excellent,Yes,1206006
1125,2801,2,5,3,2005,Suburban,Excellent,Yes,1037817
1126,3619,2,4,1,2011,Suburban,Excellent,Yes,1034838
1127,2147,5,4,3,1991,Urban,Poor,No,750669
1128,2055,4,5,1,1984,Suburban,Poor,No,619720
1129,4327,6,4,1,2013,Suburban,Poor,Yes,1066343
1130,3745,1,1,1,2021,Rural,Fair,Yes,702982
1131,2792,2,5,1,1980,Rural,Good,Yes,766158
1132,1740,4,5,2,1990,Urban,Good,No,799352
1133,2597,1,5,3,1997,Rural,Poor,Yes,650241
1134,3030,1,5,2,1989,Rural,Fair,Yes,749660
1135,4099,4,2,2,2021,Urban,Fair,No,998088
1136,4628,2,1,1,1986,Urban,Good,Yes,1066801
1137,1569,3,1,1,2018,Suburban,Fair,No,522436
1138,3343,5,2,3,2007,Suburban,Good,No,957598
1139,1451,3,4,3,2003,Urban,Poor,Yes,662277
1140,1800,3,2,2,2008,Downtown,Poor,Yes,755427
1141,2881,2,1,2,1988,Suburban,Excellent,No,793998
1142,4648,4,4,3,2006,Urban,Fair,Yes,1245184
1143,4029,5,4,3,2014,Downtown,Fair,No,1200764
1144,4055,5,5,3,1994,Rural,Fair,No,954950
1145,2265,1,3,3,2010,Suburban,Poor,Yes,660014
1146,3556,2,3,2,1989,Downtown,Fair,Yes,1030657
1147,1057,6,2,1,2024,Suburban,Excellent,Yes,741532
1148,3644,1,1,3,2017,Rural,Excellent,Yes,876536
1149,1803,3,2,1,1995,Rural,Poor,No,373858
1150,2094,4,2,3,2013,Urban,Excellent,No,897245
1151,4237,6,1,2,1987,Suburban,Poor,Yes,920316
1152,4722,2,1,2,2007,Downtown,Good,No,1171684
1153,4070,2,3,1,2013,Downtown,Fair,Yes,1127031
1154,1058,2,4,1,2015,Rural,Excellent,No,556260
1155,3918,4,2,1,2003,Downtown,Fair,No,1019718
1156,1455,1,3,3,2001,Rural,Fair,No,437308
1157,1472,1,2,3,1980,Urban,Fair,Yes,562482
1158,2568,3,1,3,2016,Rural,Excellent,Yes,771657
1159,3177,1,3,1,2002,Urban,Excellent,Yes,988083
1160,3800,6,3,1,2024,Rural,Good,No,984605
1161,1427,5,2,1,2017,Downtown,Excellent,Yes,914141
1162,1920,2,4,1,2020,Rural,Fair,Yes,574663
1163,1919,5,5,3,2018,Urban,Excellent,Yes,1058091
1164,2982,3,5,2,1982,Downtown,Fair,Yes,1014420
1165,1848,5,4,1,1980,Suburban,Good,Yes,788153
1166,1370,4,3,1,1998,Suburban,Poor,No,482672
1167,3494,1,1,1,2009,Urban,Excellent,No,939169
1168,1750,1,5,2,1982,Urban,Good,No,749562
1169,1656,4,3,3,2019,Urban,Good,Yes,865878
1170,4744,4,3,3,1982,Rural,Fair,Yes,1015338
1171,1462,3,4,1,2016,Downtown,Poor,Yes,750875
1172,4386,6,1,2,2009,Downtown,Excellent,Yes,1326818
1173,2076,6,1,2,2007,Suburban,Excellent,No,766670
1174,3199,3,5,2,1993,Downtown,Poor,No,998837
1175,913,5,2,2,1989,Suburban,Good,Yes,607829
1176,1111,3,4,2,1993,Rural,Fair,Yes,516928
1177,2810,3,2,1,1989,Rural,Good,No,633759
1178,3043,6,4,2,2013,Suburban,Good,Yes,997679
1179,1357,4,3,2,1990,Suburban,Good,No,646692
1180,4495,5,2,3,2007,Urban,Excellent,Yes,1295000
1181,1237,6,5,3,1989,Urban,Good,Yes,854692
1182,4357,2,4,2,1987,Downtown,Good,Yes,1279020
1183,1629,6,4,3,2017,Rural,Poor,Yes,635001
1184,4042,6,5,1,2018,Downtown,Fair,No,1223984
1185,2165,6,5,1,2003,Urban,Poor,No,786559
1186,4713,1,4,3,2009,Downtown,Excellent,No,1369150
1187,4088,5,3,1,1991,Downtown,Excellent,No,1238946
1188,1932,5,4,2,1998,Downtown,Good,Yes,968024
1189,1450,1,1,3,2006,Rural,Excellent,Yes,599459
1190,4723,5,1,3,1998,Downtown,Fair,Yes,1275824
1191,3721,1,2,2,1987,Urban,Excellent,No,1004624
1192,662,3,2,3,1998,Urban,Good,No,586747
1193,2578,1,4,1,1980,Rural,Fair,No,596631
1194,3200,3,2,3,2007,Suburban,Excellent,Yes,1012752
1195,1022,5,4,1,2020,Downtown,Fair,No,742687
1196,4837,2,4,1,1986,Suburban,Poor,No,942473
1197,1902,3,2,1,1985,Rural,Excellent,Yes,626650
1198,827,5,5,1,2016,Downtown,Poor,Yes,752383
1199,3533,2,2,3,1994,Urban,Fair,Yes,948444
1200,2733,6,1,2,1985,Suburban,Poor,Yes,691625
1201,4361,5,1,1,1989,Urban,Good,Yes,1075105
1202,1233,4,3,1,2005,Rural,Excellent,Yes,647815
1203,1202,4,1,1,2023,Downtown,Excellent,No,799787
1204,1919,2,3,1,1991,Rural,Poor,No,421708
1205,4564,5,5,3,1980,Suburban,Good,Yes,1236856
1206,842,5,1,3,2012,Suburban,Fair,No,465335
1207,2377,1,3,1,1994,Rural,Fair,No,517135
1208,4545,2,1,2,2015,Urban,Excellent,No,1152980
1209,4799,4,2,2,1991,Suburban,Good,No,1062341
1210,3152,2,2,3,2011,Downtown,Excellent,No,1089648
1211,3211,5,1,3,2004,Downtown,Fair,No,1003210
1212,1126,4,2,1,2012,Urban,Excellent,No,721003
1213,3485,4,1,1,1991,Urban,Excellent,Yes,1030215
1214,2609,1,2,3,2003,Urban,Fair,No,716735
1215,678,3,1,3,2001,Suburban,Excellent,No,533803
1216,1142,4,3,3,1993,Suburban,Poor,No,465797
1217,4054,6,4,2,2000,Suburban,Fair,Yes,1116370
1218,4684,1,3,2,1987,Rural,Excellent,Yes,1070224
1219,3736,2,5,1,1998,Rural,Poor,No,755392
1220,1673,4,1,3,2013,Rural,Good,Yes,596088
1221,4449,1,4,3,1999,Urban,Good,No,1155178
1222,1253,5,3,2,2019,Rural,Excellent,No,677867
1223,4641,6,1,2,2019,Rural,Poor,Yes,920814
1224,685,2,1,2,2024,Downtown,Fair,Yes,568461
1225,2165,6,3,3,1980,Rural,Good,Yes,753248
1226,993,3,1,2,2001,Downtown,Good,Yes,687041
1227,4374,1,2,2,1989,Downtown,Excellent,Yes,1268218
1228,4922,2,5,2,2022,Downtown,Good,No,1392159
1229,2450,1,3,2,1985,Urban,Fair,Yes,721275
1230,1215,4,1,1,1980,Suburban,Excellent,No,545605
1231,4594,1,3,1,2017,Urban,Good,No,1070514
1232,4732,1,2,1,2003,Downtown,Excellent,Yes,1290995
1233,2139,1,3,2,1990,Urban,Poor,Yes,672373
1234,1477,6,1,1,1981,Downtown,Fair,No,643911
1235,4501,6,5,2,2002,Urban,Poor,Yes,1210300
1236,4134,2,2,2,2012,Downtown,Good,Yes,1205477
1237,2833,3,1,1,2021,Downtown,Excellent,Yes,1038320
1238,2151,4,2,3,1997,Downtown,Excellent,Yes,998631
1239,2639,1,2,1,1983,Rural,Good,Yes,599685
1240,4959,1,3,1,2019,Downtown,Excellent,No,1288933
1241,2401,6,3,2,1993,Suburban,Fair,No,756292
1242,2959,6,1,1,1991,Downtown,Good,Yes,1009367
1243,3181,6,1,1,1991,Urban,Excellent,Yes,990914
1244,4487,4,3,1,1991,Urban,Poor,Yes,999890
1245,3484,4,5,1,2011,Suburban,Excellent,Yes,1083101
1246,742,5,3,1,2013,Suburban,Fair,Yes,510096
1247,3095,6,3,2,2011,Urban,Good,No,1014006
1248,3584,4,1,2,1999,Urban,Excellent,Yes,1072661
1249,4854,6,1,1,2006,Suburban,Fair,No,1055081
1250,853,2,5,3,2024,Downtown,Good,Yes,832986
1251,2187,4,1,2,2020,Downtown,Fair,No,815638
1252,3313,4,5,2,1997,Urban,Fair,Yes,1063752
1253,3412,5,1,2,2009,Urban,Good,Yes,980432
1254,4687,6,2,2,2023,Suburban,Good,Yes,1210814
1255,4588,3,1,2,1980,Downtown,Poor,Yes,1072155
1256,1611,1,4,2,1980,Downtown,Good,Yes,794935
1257,2659,2,3,2,2012,Suburban,Poor,No,637451
1258,2211,4,5,1,1998,Suburban,Poor,No,673477
1259,2637,6,4,2,2005,Rural,Good,No,832893
1260,2019,5,4,3,2000,Suburban,Fair,No,729340
1261,4010,5,2,2,1999,Rural,Good,No,913084
1262,3679,4,1,1,2013,Downtown,Good,No,1079246
1263,3501,4,4,2,2006,Downtown,Poor,Yes,1093815
1264,1324,2,5,2,1995,Urban,Fair,No,611797
1265,3816,2,4,3,1980,Downtown,Excellent,Yes,1244216
1266,1048,3,1,2,2018,Rural,Good,No,440785
1267,1098,1,5,3,2012,Rural,Fair,Yes,562330
1268,1717,2,2,2,2020,Urban,Poor,No,553071
1269,1539,1,1,1,2018,Rural,Poor,Yes,335332
1270,1448,4,1,3,2008,Downtown,Poor,Yes,707671
1271,3914,4,2,1,2014,Urban,Excellent,Yes,1164799
1272,1798,6,1,1,1989,Suburban,Fair,Yes,638721
1273,4535,3,3,3,1986,Downtown,Good,No,1265848
1274,3760,6,1,2,2006,Downtown,Fair,Yes,1118348
1275,4344,1,5,2,1980,Urban,Poor,No,945267
1276,3505,2,4,3,2009,Urban,Poor,Yes,969715
1277,4701,5,2,2,2013,Downtown,Poor,Yes,1195889
1278,3482,6,5,2,2009,Suburban,Good,No,1086123
1279,1158,6,4,2,2010,Suburban,Good,Yes,756187
1280,3451,5,5,2,1984,Rural,Poor,Yes,845364
1281,1390,6,1,2,2023,Downtown,Good,Yes,858963
1282,1463,2,4,2,1984,Rural,Good,Yes,551639
1283,1197,4,3,3,2020,Rural,Fair,No,490476
1284,4282,4,2,3,2016,Suburban,Fair,No,1028259
1285,4184,6,3,1,1992,Suburban,Excellent,Yes,1147154
1286,798,6,1,1,1982,Suburban,Poor,No,366390
1287,1189,3,2,3,2021,Downtown,Fair,Yes,778498
1288,4702,3,3,3,2015,Suburban,Poor,No,1029624
1289,3681,1,5,1,1988,Urban,Poor,Yes,938512
1290,2488,1,5,3,2001,Rural,Fair,No,668709
1291,3798,6,3,1,1990,Urban,Poor,Yes,1015373
1292,4696,3,4,3,1983,Rural,Excellent,No,1093249
1293,864,3,4,2,1992,Urban,Poor,Yes,541249
1294,3300,6,1,1,2011,Rural,Poor,No,639775
1295,4009,5,5,1,2015,Downtown,Fair,No,1168576
1296,1452,1,4,3,1994,Urban,Excellent,No,771909
1297,2465,1,1,1,1992,Downtown,Poor,No,618459
1298,3771,4,2,2,2024,Downtown,Fair,Yes,1146798
1299,1566,5,3,2,1992,Urban,Excellent,Yes,862487
1300,2500,1,5,1,1994,Downtown,Poor,Yes,841857
1301,1065,1,1,1,2008,Suburban,Good,Yes,478998
1302,3464,5,2,2,1988,Downtown,Excellent,Yes,1176746
1303,1225,3,5,1,2011,Urban,Fair,No,644302
1304,3605,5,3,3,1995,Urban,Good,Yes,1097602
1305,3439,4,5,2,1997,Rural,Fair,Yes,932142
1306,2488,3,5,1,1987,Urban,Fair,Yes,839775
1307,4206,6,4,1,1981,Downtown,Poor,No,1117303
1308,3747,3,1,1,1997,Downtown,Excellent,Yes,1153661
1309,3751,4,1,1,1993,Downtown,Fair,No,1004089
1310,1028,6,3,1,2014,Urban,Poor,No,559070
1311,2373,1,3,3,2019,Downtown,Excellent,Yes,1024999
1312,3779,6,3,3,2009,Downtown,Good,Yes,1307531
1313,4428,6,2,1,1980,Urban,Good,Yes,1154619
1314,3023,3,5,2,1982,Urban,Good,No,963370
1315,701,1,3,3,2022,Urban,Good,Yes,660015
1316,4390,1,4,1,2009,Rural,Good,No,924703
1317,3947,1,5,1,1997,Urban,Poor,No,896082
1318,2713,3,3,2,1988,Suburban,Fair,Yes,739283
1319,2506,1,1,1,2023,Downtown,Good,Yes,864648
1320,1098,6,3,2,1981,Urban,Poor,Yes,621049
1321,1494,1,5,2,1987,Rural,Fair,Yes,537531
1322,3642,6,4,1,2021,Downtown,Good,Yes,1230326
1323,3275,5,3,2,2006,Urban,Excellent,No,1049958
1324,1913,3,1,2,1989,Rural,Poor,Yes,449024
1325,4784,6,5,3,2002,Suburban,Excellent,Yes,1384550
1326,3721,6,1,1,1994,Downtown,Poor,Yes,1033054
1327,4896,5,4,2,1997,Suburban,Good,Yes,1258201
1328,2591,3,2,2,2000,Rural,Fair,No,618224
1329,3564,1,3,3,2012,Rural,Good,No,835172
1330,4277,4,2,3,1988,Suburban,Excellent,Yes,1153680
1331,2950,3,3,1,1985,Downtown,Excellent,Yes,1108325
1332,2222,2,4,1,1990,Rural,Excellent,No,715575
1333,1427,2,1,2,1981,Suburban,Poor,Yes,450403
1334,4936,4,4,2,1988,Downtown,Fair,No,1250721
1335,3359,3,5,3,2019,Rural,Poor,Yes,870180
1336,4277,4,4,3,2007,Urban,Excellent,Yes,1306410
1337,4772,1,2,1,2017,Urban,Excellent,No,1153140
1338,4192,2,5,3,2017,Urban,Poor,Yes,1106014
1339,4641,3,1,3,2013,Downtown,Good,No,1242685
1340,3209,2,2,1,1993,Downtown,Good,No,923742
1341,3445,3,2,1,1998,Urban,Excellent,No,975237
1342,1987,3,3,3,1986,Suburban,Good,Yes,737694
1343,2294,5,5,1,1981,Rural,Fair,Yes,737641
1344,811,3,2,2,2016,Downtown,Excellent,Yes,825081
1345,3016,1,1,2,2007,Downtown,Good,Yes,937453
1346,2881,6,1,2,1985,Suburban,Poor,No,669087
1347,4753,3,3,2,2020,Rural,Good,Yes,1113788
1348,1422,6,5,2,1992,Rural,Poor,Yes,573330
1349,3681,2,2,2,2010,Suburban,Excellent,Yes,1044651
1350,2915,2,2,3,1985,Suburban,Poor,No,627291
1351,4619,5,5,1,1991,Rural,Excellent,No,1162600
1352,2522,6,3,2,2013,Suburban,Good,Yes,918378
1353,4573,4,4,3,2002,Downtown,Good,Yes,1377980
1354,1520,3,4,2,2000,Suburban,Excellent,Yes,772294
1355,4407,3,1,2,2024,Downtown,Fair,No,1135732
1356,3975,6,2,1,1998,Urban,Fair,No,965744
1357,3247,3,3,2,2005,Downtown,Excellent,No,1124785
1358,1047,3,4,3,1994,Urban,Poor,No,582087
1359,3957,2,5,1,2014,Suburban,Poor,No,866301
1360,763,6,1,2,1985,Urban,Good,Yes,597885
1361,4848,2,3,3,1992,Suburban,Excellent,Yes,1230195
1362,1922,3,3,2,1993,Suburban,Poor,Yes,566715
1363,4913,1,5,2,2011,Rural,Fair,No,1008898
1364,798,2,2,1,1997,Rural,Excellent,No,403105
1365,2811,1,1,1,2012,Downtown,Poor,Yes,755697
1366,1382,6,5,2,1992,Urban,Good,No,846745
1367,791,3,3,2,1992,Rural,Good,No,448254
1368,2985,4,1,1,2006,Urban,Excellent,No,948713
1369,4750,2,4,1,2011,Downtown,Good,Yes,1335029
1370,2435,5,1,2,1994,Downtown,Good,No,883955
1371,3144,3,2,3,1985,Rural,Fair,Yes,770880
1372,2647,1,2,2,2019,Downtown,Fair,Yes,910088
1373,2664,4,3,3,2001,Suburban,Poor,No,739565
1374,645,3,2,3,2011,Downtown,Good,Yes,737708
1375,4379,6,4,3,2015,Rural,Poor,No,966913
1376,3677,2,1,1,2013,Rural,Fair,Yes,754922
1377,1531,1,4,2,1990,Downtown,Fair,No,721145
1378,675,3,1,2,1998,Urban,Good,No,491025
1379,1759,3,5,3,1993,Urban,Good,No,851125
1380,2325,3,2,1,2013,Downtown,Poor,No,756090
1381,2068,2,4,1,1980,Urban,Fair,Yes,691960
1382,4356,3,1,1,2019,Downtown,Fair,Yes,1124154
1383,2451,3,1,1,1997,Urban,Excellent,No,813734
1384,3903,3,5,3,2021,Suburban,Poor,Yes,998432
1385,2373,3,2,2,2016,Rural,Fair,No,595359
1386,2871,6,5,3,2010,Suburban,Fair,Yes,987481
1387,2373,1,5,1,1989,Suburban,Excellent,Yes,857065
1388,1237,1,2,3,2008,Downtown,Excellent,No,787421
1389,4699,1,2,3,2005,Downtown,Excellent,No,1292684
1390,3153,5,3,3,1985,Suburban,Fair,No,841713
1391,4181,5,4,2,2024,Urban,Poor,No,1079481
1392,2058,1,3,2,2022,Urban,Excellent,Yes,863642
1393,3733,3,2,3,1980,Suburban,Excellent,No,1025029
1394,2196,1,5,2,2001,Rural,Good,No,699322
1395,706,5,3,1,2021,Urban,Excellent,No,667126
1396,2672,3,1,3,1981,Downtown,Excellent,No,961216
1397,4478,6,5,1,1982,Urban,Poor,Yes,1129697
1398,1678,1,4,1,1983,Downtown,Poor,No,604486
1399,2873,2,5,3,1981,Urban,Good,Yes,1010590
1400,4829,1,4,2,2022,Rural,Poor,Yes,991140
1401,1808,6,3,1,1991,Downtown,Poor,No,736201
1402,4740,4,2,3,1980,Urban,Good,No,1142529
1403,3397,4,5,3,1985,Downtown,Poor,Yes,1075235
1404,2095,6,1,1,2000,Rural,Fair,Yes,581086
1405,3668,4,1,3,1995,Urban,Fair,Yes,975356
1406,1036,4,3,1,1997,Suburban,Good,No,545037
1407,2142,3,2,1,1998,Urban,Excellent,No,769102
1408,4613,3,5,2,2002,Downtown,Fair,Yes,1315636
1409,1875,5,5,1,2024,Downtown,Good,No,961665
1410,3403,6,5,3,1997,Rural,Fair,No,917242
1411,4431,3,1,1,2013,Suburban,Excellent,Yes,1113137
1412,3245,3,5,2,2022,Rural,Good,Yes,957764
1413,664,2,4,2,2001,Urban,Poor,Yes,518204
1414,3109,2,4,3,1991,Rural,Excellent,No,900817
1415,3871,4,2,2,2003,Urban,Excellent,No,1108039
1416,928,2,5,1,2006,Downtown,Good,No,704302
1417,1943,5,2,2,2018,Suburban,Fair,Yes,715801
1418,1040,1,3,1,2002,Downtown,Excellent,Yes,797370
1419,606,6,2,1,1991,Urban,Good,Yes,605065
1420,2534,2,4,1,1995,Suburban,Good,Yes,827796
1421,1905,3,1,2,2015,Downtown,Fair,No,747346
1422,4396,6,2,1,2004,Suburban,Good,Yes,1128433
1423,3279,3,4,3,2005,Rural,Good,No,843780
1424,2416,5,2,1,2003,Urban,Good,Yes,884910
1425,1232,6,2,1,2011,Suburban,Poor,Yes,535215
1426,4166,1,3,2,2021,Suburban,Excellent,Yes,1110420
1427,3148,4,4,1,1996,Downtown,Fair,Yes,1057654
1428,4838,1,4,1,2002,Rural,Excellent,Yes,1093797
1429,3213,2,5,3,2004,Downtown,Poor,No,1012137
1430,4060,1,3,2,1996,Rural,Excellent,No,959768
1431,3344,5,3,1,1991,Downtown,Excellent,Yes,1177591
1432,656,3,5,2,1992,Downtown,Excellent,Yes,880237
1433,2907,1,1,2,2009,Urban,Poor,No,659187
1434,4087,3,3,1,2014,Urban,Fair,No,999992
1435,4016,1,4,2,1999,Rural,Poor,No,734718
1436,4952,6,4,1,1991,Rural,Poor,Yes,1019998
1437,4642,4,3,2,2009,Suburban,Excellent,Yes,1212721
1438,3275,3,1,1,2018,Rural,Excellent,Yes,854547
1439,3073,4,4,1,1991,Urban,Poor,No,793845
1440,2169,5,3,2,2019,Suburban,Poor,No,693091
1441,2362,4,3,3,2024,Suburban,Good,Yes,902344
1442,2084,6,3,2,1980,Downtown,Fair,Yes,931286
1443,1663,3,3,2,2018,Urban,Poor,Yes,656003
1444,748,6,3,1,1984,Urban,Excellent,No,691150
1445,3787,4,5,1,2001,Urban,Good,No,1117361
1446,1843,4,4,1,2014,Suburban,Excellent,No,810648
1447,864,6,5,1,2020,Downtown,Good,Yes,885284
1448,4938,3,3,2,2000,Downtown,Excellent,Yes,1400244
1449,1965,5,3,3,2007,Downtown,Poor,No,851449
1450,2522,4,5,1,2004,Rural,Poor,No,627903
1451,2331,1,5,2,1991,Suburban,Excellent,No,837135
1452,2383,4,5,2,2000,Urban,Poor,No,820173
1453,4987,5,4,1,2005,Downtown,Excellent,No,1456826
1454,1885,2,4,2,1980,Urban,Excellent,Yes,836012
1455,3740,5,4,2,2006,Suburban,Poor,Yes,946462
1456,4723,1,5,3,2006,Rural,Good,Yes,1107653
1457,4465,6,1,2,1981,Downtown,Fair,Yes,1213425
1458,3623,6,2,1,2010,Suburban,Good,Yes,1009536
1459,1130,1,2,3,2009,Downtown,Fair,No,625154
1460,2048,4,5,3,1987,Urban,Fair,Yes,890743
1461,1172,1,1,3,2023,Downtown,Excellent,No,730562
1462,4016,3,5,1,2018,Rural,Excellent,No,1015556
1463,2999,4,1,2,2005,Downtown,Excellent,Yes,1073237
1464,1795,3,5,1,1990,Urban,Excellent,No,820680
1465,2591,4,2,2,1986,Urban,Poor,No,727126
1466,2604,3,3,2,2024,Downtown,Good,No,983986
1467,2855,5,1,1,1989,Urban,Poor,Yes,763183
1468,3571,6,3,2,1990,Urban,Excellent,No,1133245
1469,1865,6,2,1,2018,Urban,Excellent,No,845698
1470,829,2,5,2,1989,Rural,Good,No,512467
1471,4833,4,4,3,1990,Urban,Fair,No,1221179
1472,3666,4,4,3,1990,Downtown,Fair,No,1133160
1473,716,6,1,2,1994,Urban,Fair,Yes,545092
1474,2879,5,1,3,1992,Urban,Excellent,No,933254
1475,4893,2,2,2,2022,Rural,Excellent,Yes,1132875
1476,4756,1,3,3,2014,Rural,Poor,No,918763
1477,2631,2,3,3,1991,Suburban,Fair,No,702751
1478,929,5,3,3,1997,Rural,Fair,Yes,502278
1479,4880,3,1,1,1994,Suburban,Excellent,No,1057080
1480,4998,1,3,3,1984,Suburban,Excellent,Yes,1237230
1481,1283,4,2,1,2014,Suburban,Excellent,No,607893
1482,4120,1,4,3,1992,Downtown,Poor,No,1069968
1483,2817,4,2,2,2012,Downtown,Good,No,991294
1484,4959,2,3,2,2023,Urban,Excellent,Yes,1309333
1485,4594,1,3,3,2010,Downtown,Fair,Yes,1190523
1486,4139,6,3,1,2008,Urban,Fair,Yes,1092804
1487,2498,2,3,3,1999,Urban,Excellent,Yes,969139
1488,2322,5,2,2,1990,Suburban,Excellent,Yes,854191
1489,1887,3,5,2,2021,Downtown,Good,Yes,997067
1490,4466,3,3,1,1999,Urban,Good,No,1119114
1491,3123,4,5,2,2006,Rural,Excellent,Yes,1022415
1492,3496,6,2,2,1997,Rural,Fair,Yes,850665
1493,3014,3,1,2,2007,Downtown,Good,Yes,997407
1494,4720,4,3,1,1984,Suburban,Fair,No,1026872
1495,4449,1,4,3,2011,Suburban,Good,No,1054879
1496,1430,1,3,2,2014,Urban,Excellent,No,702503
1497,4465,2,1,2,2006,Suburban,Fair,No,889638
1498,1320,4,2,2,2016,Urban,Good,Yes,712811
1499,1157,6,3,2,2008,Suburban,Fair,No,617549
1500,2465,4,3,2,1992,Urban,Good,Yes,885010
1501,1576,6,4,2,2005,Downtown,Poor,Yes,875463
1502,3659,1,5,2,1982,Urban,Excellent,No,1086500
1503,1149,6,1,3,1985,Rural,Fair,Yes,518805
1504,2163,1,4,2,2009,Downtown,Fair,No,792806
1505,2088,6,5,2,2009,Downtown,Poor,No,910870
1506,652,5,4,1,1980,Suburban,Good,No,519065
1507,2720,2,5,3,2000,Downtown,Fair,No,963202
1508,2147,2,2,2,1991,Rural,Poor,Yes,471003
1509,3455,1,3,2,1994,Suburban,Fair,No,768977
1510,4075,3,2,1,2002,Rural,Fair,No,768211
1511,3672,1,4,3,1993,Downtown,Poor,No,1010321
1512,3870,2,2,2,2017,Rural,Poor,Yes,801764
1513,4831,1,2,1,1987,Downtown,Good,No,1168106
1514,2164,2,1,3,2003,Downtown,Good,Yes,906073
1515,732,1,4,2,2005,Rural,Good,No,431569
1516,1134,4,3,1,2024,Rural,Excellent,No,554107
1517,2850,6,3,1,1989,Suburban,Fair,Yes,815620
1518,4848,2,2,3,2010,Rural,Poor,Yes,937175
1519,3644,5,4,1,2006,Suburban,Fair,Yes,968184
1520,3590,1,2,1,2011,Suburban,Good,No,841463
1521,2772,5,3,1,1981,Urban,Poor,No,717425
1522,1782,4,1,3,2004,Suburban,Fair,Yes,603948
1523,3456,2,1,2,1984,Rural,Excellent,No,805124
1524,4996,4,2,3,2020,Rural,Good,No,1123756
1525,2704,2,3,3,2014,Urban,Poor,No,792272
1526,2207,2,2,3,1988,Suburban,Fair,Yes,641839
1527,3908,3,5,1,1995,Suburban,Good,Yes,1063926
1528,3292,6,4,3,2017,Urban,Fair,No,1066855
1529,3670,6,2,3,1982,Downtown,Poor,Yes,1068227
1530,717,2,1,1,1990,Downtown,Good,Yes,623781
1531,4563,3,2,3,2016,Downtown,Excellent,Yes,1399035
1532,2752,5,4,1,1997,Urban,Good,Yes,977700
1533,3393,4,5,2,2022,Rural,Good,No,915457
1534,3593,4,1,3,1988,Rural,Fair,No,729951
1535,1585,5,3,1,2002,Urban,Excellent,No,776899
1536,4734,2,4,3,1992,Suburban,Fair,Yes,1096671
1537,3499,5,5,1,2016,Rural,Good,Yes,1029937
1538,1966,3,2,1,2023,Suburban,Fair,Yes,657046
1539,2256,3,1,2,1998,Downtown,Excellent,No,929862
1540,3237,2,3,1,1984,Urban,Good,Yes,897722
1541,1085,4,2,1,2010,Suburban,Fair,No,454023
1542,4032,4,5,1,1995,Urban,Poor,Yes,1043644
1543,1750,4,1,3,2017,Suburban,Fair,No,581615
1544,2856,3,1,3,1987,Urban,Poor,No,702752
1545,4190,3,1,3,2019,Downtown,Fair,Yes,1158894
1546,2829,1,4,2,1987,Downtown,Excellent,Yes,1107276
1547,2984,2,5,1,1985,Urban,Fair,No,860165
1548,4054,1,1,2,1997,Urban,Good,No,940961
1549,3521,1,1,1,2011,Suburban,Excellent,Yes,924399
1550,2777,1,4,3,2018,Downtown,Excellent,Yes,1117194
1551,1407,5,1,1,1995,Urban,Excellent,No,667040
1552,3445,6,4,2,2016,Rural,Excellent,No,995885
1553,2369,5,2,1,2020,Urban,Poor,No,720325
1554,832,6,4,2,2002,Urban,Good,Yes,763098
1555,4253,1,3,2,2024,Urban,Fair,Yes,1061474
1556,3887,3,2,2,1985,Urban,Good,Yes,1045903
1557,3105,1,1,3,2005,Urban,Excellent,Yes,980185
1558,2256,3,4,2,2001,Downtown,Good,Yes,979211
1559,3244,1,1,1,2017,Urban,Good,Yes,886742
1560,1222,2,1,1,2018,Downtown,Good,Yes,712175
1561,4964,3,4,1,2004,Rural,Good,Yes,1115825
1562,2441,4,1,1,2015,Suburban,Good,Yes,785559
1563,2438,6,2,1,1994,Downtown,Fair,Yes,881737
1564,3031,2,1,3,2010,Downtown,Excellent,Yes,1104339
1565,2124,5,5,2,2020,Downtown,Good,No,1030324
1566,4133,3,3,1,2000,Urban,Poor,Yes,975245
1567,2622,5,5,1,1986,Downtown,Good,Yes,1077051
1568,3453,6,5,1,2009,Urban,Poor,No,997677
1569,4672,5,4,1,1990,Rural,Excellent,Yes,1179801
1570,4504,6,2,1,2023,Urban,Poor,No,1037511
1571,825,6,5,2,2007,Suburban,Excellent,Yes,826084
1572,3138,5,3,2,1994,Downtown,Fair,No,972498
1573,1033,6,3,3,1987,Rural,Poor,No,424114
1574,2194,2,5,1,1991,Rural,Excellent,Yes,779618
1575,1329,1,4,3,2024,Downtown,Excellent,No,912486
1576,1734,3,2,1,1999,Urban,Fair,No,592061
1577,4693,1,2,2,2005,Suburban,Fair,No,915976
1578,3382,4,1,3,1996,Rural,Poor,Yes,733299
1579,1382,2,1,3,1980,Rural,Good,No,445332
1580,826,5,5,2,1984,Suburban,Fair,No,548197
1581,4984,2,3,1,2023,Suburban,Good,Yes,1176843
1582,2054,5,2,2,1981,Rural,Poor,No,492028
1583,1482,3,2,3,2013,Suburban,Poor,No,494607
1584,1871,5,3,2,2022,Downtown,Excellent,Yes,1020075
1585,3371,2,3,1,1995,Downtown,Fair,No,907046
1586,3535,1,4,3,2017,Rural,Poor,No,780894
1587,4957,5,4,3,2021,Suburban,Good,No,1250522
1588,4269,2,3,3,2007,Downtown,Excellent,No,1257003
1589,4617,1,4,1,2000,Downtown,Excellent,No,1303488
1590,2952,6,1,3,1982,Suburban,Poor,No,707962
1591,3169,6,1,3,1981,Rural,Good,No,790177
1592,3481,5,1,3,2007,Suburban,Good,Yes,975059
1593,1408,4,2,1,2000,Rural,Fair,No,415057
1594,727,1,4,1,2024,Rural,Good,Yes,464523
1595,3309,2,4,1,2003,Downtown,Poor,Yes,945773
1596,2616,5,3,2,2023,Urban,Fair,No,884355
1597,683,4,4,2,1997,Suburban,Excellent,No,600602
1598,3839,1,4,1,2022,Suburban,Poor,Yes,846964
1599,1901,4,1,1,2014,Urban,Fair,No,643438
1600,2933,5,3,2,2016,Urban,Poor,Yes,910046
1601,2255,1,5,2,1992,Suburban,Poor,No,643934
1602,1495,1,2,1,2004,Suburban,Poor,Yes,432061
1603,4171,5,3,2,1989,Downtown,Poor,Yes,1132976
1604,3204,1,5,1,1989,Urban,Good,Yes,981070
1605,4384,2,1,2,2004,Suburban,Good,Yes,998802
1606,2107,6,2,2,2022,Downtown,Poor,No,794809
1607,2613,5,5,2,2015,Suburban,Fair,No,828118
1608,1512,6,1,2,2013,Rural,Fair,No,512185
1609,914,2,1,3,1994,Rural,Excellent,Yes,481786
1610,3774,5,1,1,2020,Rural,Poor,Yes,797476
1611,3762,3,5,2,2008,Suburban,Excellent,No,1114129
1612,4327,4,2,2,2014,Urban,Fair,Yes,1095614
1613,2028,4,3,1,2003,Rural,Excellent,No,675332
1614,948,4,4,3,2014,Suburban,Excellent,Yes,784320
1615,2304,4,4,2,2009,Downtown,Excellent,No,1079434
1616,3578,3,3,3,2005,Suburban,Fair,Yes,937047
1617,2164,5,2,3,2022,Urban,Excellent,No,948107
1618,3114,2,4,1,2010,Rural,Excellent,No,861347
1619,1016,2,2,2,2015,Suburban,Excellent,No,572754
1620,4228,1,2,2,2016,Suburban,Good,Yes,1023734
1621,2220,2,4,2,2009,Suburban,Fair,No,687946
1622,4946,6,1,3,1986,Rural,Poor,Yes,950306
1623,1032,3,1,2,2002,Suburban,Fair,Yes,476152
1624,1140,3,5,2,2017,Downtown,Excellent,No,892466
1625,2973,3,1,3,1990,Suburban,Fair,No,698409
1626,4960,5,4,1,2015,Downtown,Good,Yes,1400858
1627,1801,4,1,1,1988,Downtown,Excellent,No,848050
1628,1996,1,5,3,2003,Downtown,Fair,No,819422
1629,4628,6,5,2,2001,Rural,Good,Yes,1184290
1630,1705,5,3,3,2005,Suburban,Poor,Yes,669059
1631,2994,6,1,2,2018,Downtown,Poor,No,896689
1632,3591,3,2,3,1997,Rural,Excellent,No,897768
1633,1026,6,2,3,1999,Urban,Excellent,No,775609
1634,931,3,4,3,1985,Urban,Poor,Yes,547194
1635,757,3,4,1,2010,Downtown,Excellent,Yes,825991
1636,3673,3,3,3,2007,Downtown,Good,Yes,1210167
1637,2742,5,2,2,1998,Urban,Poor,No,735104
1638,3210,5,1,1,1988,Rural,Fair,Yes,698063
1639,3658,1,2,3,1995,Rural,Poor,Yes,684972
1640,3394,5,1,1,2017,Downtown,Good,Yes,1072317
1641,1060,6,2,1,1985,Suburban,Poor,Yes,440003
1642,4146,6,2,1,1983,Rural,Excellent,No,1023950
1643,2178,4,2,3,2011,Suburban,Excellent,No,800840
1644,4225,2,5,1,1985,Suburban,Fair,No,932285
1645,2151,6,1,3,1984,Suburban,Fair,No,661342
1646,1930,4,5,2,2018,Downtown,Good,Yes,1046155
1647,2655,3,2,3,1980,Urban,Good,Yes,858249
1648,1104,1,4,2,1983,Downtown,Poor,No,540052
1649,1322,3,5,2,2024,Rural,Good,No,643375
1650,3533,6,4,2,2011,Urban,Excellent,No,1174226
1651,2468,5,2,1,2024,Urban,Excellent,No,945968
1652,3257,4,4,2,2008,Suburban,Fair,No,900662
1653,800,2,3,2,2020,Suburban,Excellent,No,560628
1654,4158,6,2,1,2017,Suburban,Fair,Yes,989258
1655,3805,4,2,2,2001,Suburban,Poor,No,838135
1656,1896,3,5,2,1994,Suburban,Excellent,No,838255
1657,4164,2,4,3,1983,Urban,Poor,Yes,1029553
1658,4505,5,3,1,1995,Downtown,Fair,No,1205316
1659,706,3,2,2,2020,Urban,Excellent,Yes,672134
1660,4938,3,3,3,2003,Suburban,Good,No,1131683
1661,745,4,3,2,1995,Suburban,Good,Yes,591789
1662,4500,3,5,2,2016,Urban,Fair,Yes,1207683
1663,2475,6,5,3,1995,Suburban,Excellent,No,974217
1664,3167,5,1,2,1989,Urban,Poor,No,800460
1665,2779,1,4,2,1992,Urban,Fair,No,759891
1666,4480,2,2,3,1980,Urban,Good,No,1058552
1667,2834,3,4,2,2018,Suburban,Fair,Yes,860077
1668,1096,6,2,3,2012,Urban,Fair,No,672562
1669,689,3,3,1,1989,Urban,Poor,Yes,475741
1670,1244,3,4,1,2008,Downtown,Fair,No,709948
1671,1482,3,4,2,1992,Downtown,Good,Yes,850937
1672,3244,1,1,1,2000,Downtown,Good,Yes,955502
1673,3672,5,1,3,2007,Urban,Excellent,Yes,1157449
1674,882,6,3,2,2016,Rural,Poor,Yes,500990
1675,1123,1,2,1,1986,Suburban,Fair,Yes,432062
1676,3525,3,1,2,2001,Rural,Excellent,No,814271
1677,4898,4,4,3,1989,Rural,Fair,No,1031658
1678,1544,3,2,1,1983,Rural,Poor,Yes,415023
1679,947,1,2,1,1989,Suburban,Good,No,433708
1680,3842,1,5,2,2011,Rural,Excellent,Yes,1009349
1681,2239,5,1,1,1994,Downtown,Poor,No,691822
1682,3615,5,2,2,1993,Suburban,Poor,No,809393
1683,3666,5,4,1,1992,Urban,Good,Yes,1113638
1684,2732,4,1,3,1998,Downtown,Poor,No,859623
1685,3923,2,2,1,1982,Downtown,Poor,Yes,947268
1686,3046,6,2,3,1999,Urban,Excellent,Yes,1104391
1687,2667,2,5,1,1999,Rural,Fair,Yes,718084
1688,2290,4,4,3,2000,Downtown,Excellent,Yes,1150295
1689,4533,5,5,2,2022,Suburban,Poor,Yes,1097520
1690,855,5,1,1,1997,Rural,Good,No,414168
1691,1906,1,1,2,1993,Suburban,Excellent,No,601744
1692,2893,4,1,2,1982,Rural,Good,Yes,731120
1693,4343,2,1,3,2023,Rural,Excellent,Yes,1008015
1694,1522,1,2,2,2017,Urban,Good,Yes,712768
1695,1118,6,2,1,1984,Downtown,Excellent,Yes,821580
1696,4674,4,4,2,1991,Rural,Poor,Yes,977538
1697,2906,6,4,1,1997,Rural,Good,Yes,872348
1698,4269,1,1,3,2007,Downtown,Fair,Yes,1098759
1699,3582,1,5,2,2009,Downtown,Fair,No,1072653
1700,1793,3,3,2,1991,Downtown,Good,No,838524
1701,2995,2,4,3,2014,Downtown,Good,No,1046205
1702,2674,2,3,2,2021,Downtown,Excellent,Yes,1057334
1703,3413,5,2,3,2001,Suburban,Fair,Yes,946835
1704,1269,4,1,3,2014,Rural,Poor,Yes,432991
1705,1949,6,2,3,2001,Downtown,Poor,No,816537
1706,3835,5,4,1,2016,Urban,Excellent,Yes,1223672
1707,4316,2,2,3,1980,Rural,Excellent,Yes,995084
1708,3111,2,4,2,1993,Rural,Fair,Yes,728620
1709,854,3,1,1,1991,Rural,Poor,No,236153
1710,1574,4,3,3,2005,Rural,Good,No,633852
1711,3671,2,3,2,2019,Downtown,Poor,No,948026
1712,4695,3,3,1,1996,Downtown,Excellent,Yes,1365179
1713,3475,6,4,1,2004,Rural,Excellent,Yes,1064717
1714,2665,5,1,1,1995,Rural,Excellent,No,738446
1715,2577,5,4,1,2000,Urban,Excellent,Yes,1046284
1716,1377,1,2,3,2023,Rural,Excellent,Yes,651872
1717,2084,4,3,3,2016,Downtown,Poor,No,805603
1718,4833,4,2,2,1998,Suburban,Poor,No,975624
1719,4095,1,2,1,1992,Downtown,Excellent,Yes,1133721
1720,3772,6,2,2,1982,Urban,Fair,Yes,1033713
1721,4641,2,4,3,1987,Rural,Fair,Yes,988446
1722,793,4,4,2,2024,Downtown,Poor,No,631521
1723,4029,4,1,2,2007,Downtown,Poor,Yes,1022840
1724,2752,6,3,2,2005,Suburban,Fair,Yes,837000
1725,1927,1,5,1,2022,Suburban,Excellent,No,774087
1726,4514,1,2,3,2006,Rural,Poor,Yes,847065
1727,1807,3,2,3,2024,Downtown,Poor,No,707478
1728,4779,1,1,3,2022,Urban,Poor,No,961119
1729,3217,2,4,1,1992,Downtown,Excellent,No,1078730
1730,1411,2,4,3,2020,Rural,Fair,Yes,609224
1731,1791,1,4,3,1984,Suburban,Fair,No,606706
1732,2446,3,4,1,2007,Rural,Good,No,665496
1733,2177,6,3,2,2008,Suburban,Fair,No,770852
1734,3930,6,2,1,2018,Urban,Excellent,Yes,1221970
1735,853,4,1,3,1985,Suburban,Poor,No,370842
1736,3821,3,4,3,2001,Urban,Good,No,1125637
1737,4789,4,4,3,2017,Suburban,Excellent,No,1260530
1738,4611,3,5,3,2019,Rural,Good,No,1120748
1739,2967,5,5,1,2000,Urban,Fair,Yes,989695
1740,3109,2,3,3,2023,Downtown,Good,No,1082759
1741,2142,5,2,3,1998,Suburban,Good,No,753789
1742,4390,5,5,1,1987,Urban,Fair,Yes,1178970
1743,2099,6,4,2,1995,Downtown,Excellent,No,1082327
1744,3396,2,3,3,1984,Urban,Poor,No,843541
1745,626,1,2,2,2011,Downtown,Good,No,588878
1746,2776,1,4,3,2011,Rural,Excellent,No,845229
1747,3165,1,2,1,1987,Urban,Poor,Yes,701336
1748,2872,1,5,3,1997,Suburban,Poor,No,733495
1749,927,6,5,1,1980,Rural,Good,No,556464
1750,4120,2,2,1,2019,Urban,Good,Yes,1043884
1751,788,5,5,2,1994,Suburban,Excellent,Yes,723145
1752,1913,1,5,3,2019,Urban,Excellent,Yes,926526
1753,2616,4,2,1,2009,Suburban,Fair,Yes,740550
1754,1479,1,2,3,1999,Downtown,Excellent,No,800024
1755,2502,1,1,2,2008,Downtown,Fair,No,776018
1756,788,5,3,1,2023,Downtown,Excellent,No,817875
1757,769,4,5,3,2004,Downtown,Fair,No,734046
1758,1233,5,4,1,2005,Suburban,Fair,No,589888
1759,3918,3,2,3,1998,Suburban,Excellent,No,1007691
1760,2599,6,1,2,1981,Downtown,Good,No,952789
1761,767,4,4,3,2008,Downtown,Poor,No,658028
1762,3452,2,3,2,1996,Downtown,Fair,Yes,1023262
1763,4836,5,5,1,1982,Downtown,Good,Yes,1393380
1764,1337,6,2,1,2019,Rural,Good,Yes,639311
1765,2690,4,2,2,1989,Downtown,Good,Yes,990677
1766,3954,3,2,3,1984,Suburban,Poor,Yes,865991
1767,2961,5,4,2,1990,Suburban,Poor,Yes,806243
1768,1151,1,3,1,2014,Rural,Excellent,No,490946
1769,1851,5,2,1,1980,Urban,Fair,No,670467
1770,769,5,5,1,2005,Suburban,Fair,Yes,622786
1771,1877,2,2,3,2003,Urban,Excellent,Yes,869195
1772,2034,6,1,3,1995,Suburban,Poor,Yes,667199
1773,1713,1,3,2,2013,Downtown,Excellent,No,896604
1774,4422,6,5,2,2018,Downtown,Good,No,1373465
1775,4721,4,2,1,1993,Rural,Good,No,945088
1776,3978,4,4,2,2003,Rural,Good,No,960254
1777,731,2,4,3,1989,Downtown,Fair,No,658546
1778,2602,2,1,1,2008,Urban,Excellent,No,836815
1779,4410,3,2,2,1988,Downtown,Poor,Yes,1072925
1780,1429,3,3,1,2002,Downtown,Excellent,No,803644
1781,3008,3,5,3,2010,Rural,Excellent,Yes,1008160
1782,3315,2,3,3,1990,Rural,Poor,Yes,722813
1783,1090,1,5,1,2020,Urban,Poor,No,538726
1784,3336,5,4,2,2019,Urban,Good,No,1041993
1785,4835,5,1,2,2011,Downtown,Poor,Yes,1178172
1786,3695,3,4,3,2020,Urban,Fair,Yes,1074308
1787,1363,5,4,2,2005,Suburban,Poor,Yes,622138
1788,699,2,2,2,2016,Suburban,Excellent,Yes,610311
1789,2690,2,1,1,1990,Rural,Good,No,555512
1790,2394,4,2,3,2011,Rural,Poor,No,589053
1791,3648,4,3,3,2015,Urban,Good,Yes,1163923
1792,2885,5,2,1,1981,Downtown,Excellent,No,1037336
1793,4768,3,4,3,2005,Rural,Good,No,1070118
1794,1812,5,2,1,1995,Downtown,Fair,Yes,831841
1795,3573,4,4,2,2016,Urban,Good,Yes,1122869
1796,1930,5,4,3,1984,Urban,Poor,No,742655
1797,4140,2,4,2,1981,Urban,Good,Yes,1121671
1798,2530,4,4,2,2017,Suburban,Excellent,No,921866
1799,2946,2,5,1,2001,Suburban,Good,No,828033
1800,1424,1,1,3,1980,Suburban,Excellent,No,548379
1801,1844,1,1,2,1991,Rural,Fair,No,408452
1802,3526,6,5,1,1982,Suburban,Good,No,991573
1803,919,5,1,1,2019,Rural,Fair,Yes,431086
1804,4617,1,3,3,1998,Rural,Good,Yes,999377
1805,4387,5,3,1,2021,Rural,Excellent,Yes,1132299
1806,862,4,3,3,1990,Downtown,Excellent,No,848489
1807,3110,3,4,2,1995,Urban,Good,Yes,1005296
1808,4378,2,2,1,1985,Rural,Poor,Yes,754723
1809,4277,2,2,3,1984,Urban,Good,No,1046124
1810,4545,4,4,1,2021,Urban,Fair,No,1092459
1811,3583,2,4,1,2002,Rural,Poor,Yes,748788
1812,3791,2,4,2,2022,Downtown,Good,No,1147314
1813,3278,6,4,3,2000,Suburban,Poor,Yes,941956
1814,4006,1,4,2,1989,Rural,Fair,Yes,893681
1815,4657,3,2,3,1991,Downtown,Poor,Yes,1170546
1816,3409,5,3,2,1980,Rural,Excellent,Yes,961769
1817,1810,3,5,2,2013,Downtown,Fair,No,827017
1818,4326,6,5,3,1998,Downtown,Poor,No,1257265
1819,746,4,5,3,1984,Downtown,Excellent,No,858040
1820,3181,5,2,2,1996,Urban,Poor,Yes,868555
1821,3834,3,1,3,1994,Rural,Fair,No,763853
1822,3852,1,4,1,1984,Urban,Excellent,Yes,1123905
1823,3108,5,1,2,2017,Suburban,Good,Yes,905640
1824,3786,5,3,1,2014,Suburban,Poor,No,840013
1825,3293,6,2,2,1981,Rural,Fair,No,740639
1826,2994,6,3,2,1990,Downtown,Fair,Yes,1068303
1827,1399,3,3,3,2024,Rural,Poor,Yes,491372
1828,627,2,1,2,1991,Rural,Excellent,No,364832
1829,4699,5,4,3,1987,Downtown,Good,Yes,1421250
1830,1353,3,2,2,1992,Urban,Poor,Yes,523699
1831,1929,2,3,1,2013,Suburban,Excellent,No,688009
1832,3386,4,4,1,2012,Downtown,Fair,Yes,1084092
1833,4560,5,1,3,1994,Downtown,Excellent,No,1320033
1834,3621,2,1,1,2008,Suburban,Poor,No,655689
1835,3651,6,3,2,1980,Urban,Excellent,Yes,1161769
1836,1386,5,5,3,1987,Suburban,Excellent,No,823826
1837,1581,5,1,3,2000,Suburban,Good,No,651508
1838,918,1,1,2,2022,Suburban,Good,No,433368
1839,2899,3,4,1,2013,Urban,Poor,No,795175
1840,3056,4,1,1,1998,Urban,Fair,Yes,807532
1841,4900,5,5,1,2003,Rural,Poor,No,1011649
1842,3207,1,2,3,1993,Rural,Fair,Yes,711658
1843,3151,5,5,1,2015,Urban,Good,Yes,1111602
1844,933,3,4,1,2022,Urban,Good,Yes,678427
1845,1163,1,5,1,1986,Downtown,Poor,No,602968
1846,3925,5,1,2,1990,Suburban,Poor,No,802994
1847,2116,6,5,3,1986,Rural,Excellent,Yes,895421
1848,1987,6,5,1,2006,Rural,Good,Yes,818687
1849,2548,1,4,1,2019,Downtown,Fair,No,866183
1850,1715,4,5,2,2017,Urban,Good,Yes,874212
1851,4042,3,5,2,1980,Rural,Excellent,Yes,1079042
1852,1650,5,2,3,2017,Rural,Fair,Yes,583719
1853,2491,2,1,3,1984,Downtown,Fair,Yes,837042
1854,1522,5,1,3,1993,Rural,Poor,No,400108
1855,3396,2,4,1,1989,Rural,Good,No,806907
1856,3702,6,5,3,1997,Downtown,Fair,Yes,1259093
1857,3788,3,2,3,2022,Suburban,Excellent,No,1050360
1858,4183,1,3,1,2007,Downtown,Fair,Yes,1066545
1859,4358,5,3,1,2006,Rural,Good,Yes,1040061
1860,2888,2,4,1,2010,Rural,Excellent,No,814300
1861,2437,4,2,3,1997,Downtown,Excellent,No,1004596
1862,4535,2,4,1,1981,Suburban,Excellent,No,1087263
1863,4775,6,2,1,1997,Urban,Good,Yes,1228201
1864,4831,3,4,1,1984,Rural,Fair,No,943138
1865,2601,6,5,3,2016,Suburban,Excellent,Yes,1084687
1866,760,3,5,2,2016,Urban,Poor,No,538551
1867,2134,1,3,3,2007,Urban,Good,Yes,844314
1868,3523,1,4,2,2019,Suburban,Fair,No,828438
1869,3353,3,4,1,2014,Urban,Excellent,Yes,1128253
1870,734,6,1,1,2016,Suburban,Fair,No,410181
1871,2279,4,4,3,1984,Rural,Excellent,Yes,843986
1872,2357,2,3,1,1982,Urban,Poor,No,594730
1873,2897,6,5,2,1993,Rural,Good,Yes,916033
1874,1366,3,5,3,2020,Suburban,Poor,No,602187
1875,1968,6,1,2,1993,Downtown,Good,Yes,887387
1876,4726,5,2,3,1997,Rural,Excellent,No,1137249
1877,4305,5,2,1,1986,Rural,Good,Yes,958778
1878,1885,2,1,3,1991,Suburban,Fair,Yes,568708
1879,3016,4,1,3,2008,Suburban,Fair,Yes,801170
1880,2272,3,3,3,2007,Suburban,Poor,Yes,723732
1881,3697,1,2,2,1982,Suburban,Excellent,Yes,934383
1882,1890,2,1,1,2006,Rural,Excellent,Yes,591832
1883,2780,6,5,3,2015,Urban,Excellent,Yes,1229741
1884,2366,4,4,1,2019,Downtown,Good,No,973778
1885,2354,6,1,1,2005,Urban,Excellent,No,848060
1886,1544,6,2,1,1994,Rural,Excellent,No,608203
1887,1032,5,2,3,1994,Suburban,Fair,Yes,607879
1888,1207,2,5,3,1985,Urban,Poor,No,580043
1889,3320,5,2,1,1982,Downtown,Excellent,Yes,1126912
1890,2406,6,1,3,1989,Downtown,Poor,No,794976
1891,3236,4,2,3,1997,Urban,Poor,Yes,850931
1892,823,6,1,3,1981,Rural,Good,Yes,485960
1893,1276,6,2,2,1986,Downtown,Good,Yes,805407
1894,1826,3,3,2,2023,Rural,Good,No,620354
1895,1904,1,5,1,2018,Downtown,Good,No,899928
1896,1227,2,2,2,2012,Rural,Good,No,487571
1897,930,5,4,2,1981,Rural,Poor,Yes,445097
1898,2612,4,3,3,2001,Rural,Good,No,798212
1899,1828,4,4,3,1987,Suburban,Excellent,Yes,868572
1900,4791,2,3,2,2022,Rural,Good,No,1012208
1901,3674,6,1,3,1982,Downtown,Poor,No,987182
1902,2569,4,5,3,2015,Downtown,Good,Yes,1178225
1903,2113,2,1,1,1997,Rural,Poor,No,374721
1904,4930,1,5,3,1980,Urban,Good,Yes,1296731
1905,4683,2,5,1,2004,Suburban,Poor,No,977736
1906,2584,2,1,1,2024,Downtown,Good,Yes,940663
1907,3119,4,3,1,1981,Suburban,Excellent,Yes,966523
1908,4928,4,2,1,1999,Urban,Poor,No,992504
1909,3796,3,4,1,2002,Urban,Good,Yes,1076076
1910,3903,2,3,2,2014,Suburban,Good,Yes,984584
1911,1293,4,4,2,2006,Urban,Good,Yes,778089
1912,1492,3,2,3,2024,Suburban,Good,No,631536
1913,4414,5,1,3,2024,Urban,Poor,No,1000169
1914,2986,2,2,1,1993,Urban,Fair,No,749667
1915,1600,4,2,1,1986,Rural,Poor,No,407971
1916,4421,6,1,3,1983,Suburban,Fair,Yes,1035395
1917,4635,2,2,2,2021,Urban,Fair,Yes,1114375
1918,884,6,1,1,2019,Downtown,Good,No,682272
1919,4382,5,4,3,2013,Rural,Poor,Yes,1007145
1920,817,1,5,1,2001,Downtown,Poor,Yes,642129
1921,707,2,4,2,2010,Downtown,Good,No,684004
1922,4003,1,5,3,1993,Downtown,Good,No,1183388
1923,1074,1,3,3,1984,Rural,Good,Yes,498634
1924,2450,2,4,3,2010,Urban,Poor,Yes,824432
1925,2195,2,2,1,2018,Suburban,Poor,Yes,602826
1926,2852,3,3,2,1984,Rural,Good,Yes,776668
1927,1665,5,5,2,1982,Urban,Poor,No,684774
1928,4633,4,4,2,1982,Rural,Poor,Yes,979889
1929,747,1,2,1,2013,Suburban,Good,No,434859
1930,1324,1,4,1,2023,Downtown,Poor,No,616279
1931,1418,2,2,2,2001,Urban,Poor,No,527335
1932,2102,4,5,1,2011,Downtown,Excellent,Yes,1074427
1933,4896,3,3,3,1982,Rural,Fair,No,942769
1934,4923,4,2,2,1999,Suburban,Excellent,Yes,1249841
1935,977,2,2,3,2003,Rural,Poor,Yes,377635
1936,4298,6,1,3,1983,Urban,Poor,No,989065
1937,2089,1,4,2,2017,Suburban,Excellent,No,801370
1938,3028,5,5,3,2023,Downtown,Poor,No,1049489
1939,4984,3,5,2,2020,Suburban,Fair,No,1133973
1940,3011,1,5,2,2016,Suburban,Fair,Yes,843797
1941,2115,2,3,1,2007,Downtown,Poor,No,676884
1942,4474,2,4,3,1987,Downtown,Excellent,Yes,1394862
1943,2024,6,2,2,2015,Suburban,Fair,No,702702
1944,2598,5,2,3,2015,Rural,Good,Yes,828688
1945,3938,6,1,1,2024,Downtown,Good,Yes,1187909
1946,3927,5,3,3,2023,Suburban,Excellent,No,1133069
1947,3732,5,4,2,2006,Rural,Fair,Yes,970307
1948,4089,1,2,1,2013,Urban,Good,Yes,1020326
1949,2173,3,4,3,1989,Suburban,Good,No,746001
1950,841,2,4,1,1980,Rural,Excellent,No,492769
1951,1112,1,1,2,2012,Suburban,Poor,Yes,374780
1952,3343,1,1,1,2004,Rural,Good,Yes,721743
1953,1199,6,3,1,2009,Downtown,Fair,Yes,811561
1954,3968,6,2,1,2003,Suburban,Good,No,964964
1955,4657,4,4,3,1998,Downtown,Fair,Yes,1345519
1956,1744,6,4,2,2022,Suburban,Fair,No,695630
1957,1354,6,4,3,2020,Downtown,Excellent,Yes,1045228
1958,1147,3,1,2,2013,Urban,Poor,Yes,501724
1959,2260,4,2,1,1988,Urban,Good,Yes,793657
1960,3424,4,1,2,2014,Rural,Excellent,Yes,908938
1961,1945,6,1,1,2018,Suburban,Poor,No,537186
1962,2392,4,2,3,2022,Urban,Fair,No,832018
1963,3425,4,1,1,1993,Downtown,Poor,No,867276
1964,2767,5,1,3,1990,Urban,Poor,Yes,814865
1965,3008,5,1,1,2007,Urban,Good,Yes,919359
1966,4300,2,3,1,2005,Downtown,Poor,Yes,1099013
1967,4693,6,5,1,1991,Rural,Poor,Yes,1010578
1968,4626,5,5,1,1986,Suburban,Good,No,1140264
1969,3386,6,4,3,2023,Downtown,Fair,No,1162730
1970,2590,1,5,1,2014,Urban,Excellent,Yes,990514
1971,2475,5,4,3,1981,Downtown,Excellent,No,1080471
1972,4315,4,1,2,2011,Suburban,Excellent,Yes,1089701
1973,3590,1,4,3,1989,Rural,Fair,Yes,825498
1974,3461,3,2,1,2005,Urban,Poor,No,815271
1975,1459,6,3,2,2016,Suburban,Poor,Yes,609090
1976,1736,3,5,2,2009,Rural,Good,Yes,732675
1977,2965,5,1,1,1988,Rural,Good,Yes,739445
1978,4148,6,5,3,2024,Urban,Good,Yes,1338137
1979,3366,6,5,3,2015,Rural,Poor,No,890323
1980,4301,6,5,3,2009,Rural,Excellent,Yes,1270029
1981,2066,2,5,2,2008,Downtown,Excellent,Yes,1042449
1982,814,5,4,2,2004,Rural,Poor,No,436497
1983,4959,4,4,3,1989,Downtown,Excellent,Yes,1476627
1984,3222,5,5,1,2011,Rural,Good,Yes,966434
1985,2125,6,2,2,1983,Urban,Poor,No,692663
1986,3720,6,5,2,2023,Downtown,Poor,Yes,1192161
1987,1975,3,5,1,2001,Urban,Good,No,795302
1988,4889,4,4,3,2005,Suburban,Fair,No,1147261
1989,2121,6,2,3,1988,Urban,Excellent,Yes,952447
1990,1444,3,4,1,1996,Rural,Good,Yes,623246
1991,3367,6,4,1,2001,Downtown,Fair,Yes,1146122
1992,2415,6,2,2,2013,Urban,Poor,Yes,835698
1993,1470,5,4,2,2003,Rural,Excellent,No,716180
1994,3257,1,5,2,2011,Urban,Good,Yes,1000261
1995,2190,3,5,1,2023,Rural,Poor,No,612421
1996,1950,1,2,3,2001,Suburban,Good,Yes,664023
1997,3583,2,4,2,1985,Urban,Good,No,969428
1998,3276,3,2,1,1993,Suburban,Good,Yes,880402
1999,4498,6,5,1,1995,Downtown,Excellent,No,1381012
2000,731,5,3,1,2024,Rural,Good,Yes,503207
